9484ac61-0e30-4799-9998-6f74f4cbb204,1,0,1,0,1,0,0,1
6d87397a-91ee-433f-9765-74f711b0d725,1,1,1,0,1,0,0,1
cbfbce39-8d35-45d0-b6b1-d92e9e1945a6,0,1,1,0,1,0,0,1
ce67571e-efad-4a07-9dd0-65d9324ede34,1,0,1,0,1,0,0,1
9f9e9649-3b28-4547-a40a-f6f771679ffd,0,1,1,0,1,0,1,1
be6ad6f5-138d-4813-8991-720a6894dda1,1,1,1,0,1,0,0,1
36043ce7-d082-4af3-a0c0-d772961ed808,1,1,1,0,1,0,0,1
4b60886d-03c2-42df-acfd-8548adad73d4,0,0,0,0,0,1,0,0
274a3a31-6f3c-4638-8138-ccdacb991438,1,1,1,0,1,0,0,1
3474c7f5-6e55-4e71-92a5-ce6f6a5f7b60,1,1,0,0,1,0,0,1
d46daf1e-90fb-4181-be88-2eaadeb427e4,0,0,1,0,0,1,0,1
280349b3-3b1c-467e-890e-2eb147b3bedd,0,0,1,0,0,1,0,0
5750e8b9-2b31-4e11-83ce-c15c6631a3cd,1,0,1,0,1,0,0,1
d9cf818e-b379-44ba-a6ce-cb99afcbf9d4,0,0,1,0,0,1,0,0
129d398f-9263-4b00-ad35-3c36480eb6e9,1,0,1,0,1,0,0,1
14cc0a0b-9a12-4d61-b063-36e2254131ee,1,1,1,0,1,0,0,1
6f8f5bbe-5f32-421b-af17-0cfb46cd964b,0,1,1,0,1,0,1,1
b37dcdf5-f77f-4847-9b92-8a21b88321e1,0,0,1,0,1,0,0,1
747f24d3-2899-4711-a79a-ba81486aae02,1,1,1,0,1,0,0,1
dd24b417-be3c-4758-84ed-d192514721ba,0,1,1,1,0,1,0,1
01d17a91-b1aa-447d-9c7a-9c427c702d3a,1,1,1,0,1,0,0,1
bced823d-7b48-4a20-9845-d769934710dc,0,0,1,1,0,1,0,1
ac2aa3f1-1ca0-439b-832e-0167b5b93013,1,0,1,0,1,0,0,1
ceb922ae-4052-4f88-9119-2e0fa2acb0da,1,1,1,0,0,0,0,1
a7ec4ce0-5bc5-44ac-bedb-6176b591da06,0,0,1,0,0,1,0,1
2703078b-6a32-4ff0-9494-772a8b8ac499,1,1,1,0,1,0,0,1
c8b0bd15-cb3e-4453-8738-6bf2667ff32d,1,1,1,0,1,0,0,1
fa5ad672-c06d-4149-9514-b6af8b7583b1,0,0,1,0,0,1,0,0
a514b410-c2b5-4820-aa49-bb8c0c0bd3b0,0,1,1,0,0,0,0,1
038f2a35-e85e-4cc1-9d58-a828b1ee61c7,0,1,1,0,1,0,0,1
89762346-bb0b-4cc5-a3b3-416705b76d64,1,1,1,0,1,0,0,1
4e4c935a-d7a7-4f82-830a-733daea241e4,0,1,1,0,1,0,0,1
71f555a5-651b-414c-8ea4-2252996db937,0,0,1,0,0,1,0,0
52711084-95fc-494b-a14a-0832c28b8512,1,1,1,0,1,0,0,1
9a141e35-2003-4951-a6b6-da11ebf26e12,1,0,1,0,0,1,0,1
84a1d325-704f-4813-8456-208c45458c13,0,1,1,0,1,0,0,1
a7463284-223e-44a8-b901-66854dd2f333,0,1,1,0,0,0,0,1
019329b0-0ab2-4ab9-b0a3-2438783f70d0,0,0,1,0,0,1,0,0
910465e5-1e50-4092-bbf1-3305bb214d05,0,0,1,0,0,1,0,0
777e4099-6cac-4099-a1d6-497ed0b3ffdd,1,1,1,0,0,0,0,1
7ea3d902-68f5-4c3d-9a1d-99705da27c95,0,1,1,0,1,0,0,1
39db8ea6-0271-45ba-8ac9-038d25e4f904,1,0,1,0,1,0,0,1
13e72f93-f9b4-4d93-adc8-11283d6af93a,0,1,1,0,1,0,0,1
2afb00b9-9f21-4fcb-9827-8ff21c3de83c,0,0,1,0,0,1,0,0
563b1d10-95d4-4b4f-bec9-476052e0e666,0,1,1,0,1,0,0,1
ddda5cf4-0bfd-42cd-93d3-10e934c8a58a,0,0,1,0,0,1,0,0
0d82f85d-fd60-405a-82a0-97f444c7aaf4,1,1,0,0,1,0,0,1
7d88ead3-2384-48c1-bdf7-b163fbd9a456,1,1,1,0,1,0,0,1
a8553fee-f568-4058-87c1-d09b5cb9ba7d,1,1,1,0,1,0,0,1
8e55827b-7417-4d12-8eb9-5455523c152f,0,0,1,1,0,1,0,1
99a225d7-d7a4-4a79-b07e-cfd609987e47,1,0,1,0,0,1,0,0
ca4db254-7f47-4dcd-8fb7-03124fa650ad,1,1,1,0,1,0,0,1
a537a248-82be-4767-be42-38368e5d35ab,0,0,1,0,0,1,0,1
143545a3-3c8a-4c93-b1de-fdedb05571b1,0,0,1,0,0,1,0,0
34056a10-7db6-40e9-a6dd-1ae2c6b0337a,0,1,1,1,0,0,0,1
5486fcd7-7cf5-4f94-bbda-cc0d53ca268b,1,0,1,0,0,1,0,0
e2672ae1-80ed-417f-8574-ff766e1351f5,0,1,1,0,0,1,0,1
3d6e5e11-ddaf-49bb-8953-bc4f32daa81a,1,1,1,0,1,0,0,1
7183d458-3a56-4518-b7db-52495a8e21eb,0,0,1,0,0,1,0,1
8a9d16e0-17e6-491e-81ee-5b3159a51934,0,1,1,0,0,0,0,1
2e5b333f-65b1-43e7-bf6c-1d532bb49199,0,0,1,0,0,1,0,0
0e0b4523-b0bd-44e8-9f73-7e9dbfbe0c50,1,1,1,0,0,0,0,1
3735e9b5-4192-4459-90b9-2ffd1d0d5749,1,1,1,0,0,0,0,1
242785c2-f8d2-4fb5-bc30-b4edb3700505,1,0,1,0,0,0,0,1
110db354-bc9f-44f6-b9f5-b801c7567c98,1,0,1,0,0,1,0,0
bd0cebc0-e86b-458a-a4d8-f3332df11bda,0,0,1,1,0,1,0,1
45fb99f6-777e-4ad9-a32f-e998f016fe26,1,1,1,0,1,0,0,1
96c34595-6bed-46aa-b0ad-09b2fcc31423,0,1,1,0,1,0,0,1
4e8c31c0-99cc-4492-82fe-e295d82d1fac,0,1,1,0,0,0,0,1
26dbd836-286a-424b-8c12-dc79f5c0ab82,1,0,1,0,0,1,0,0
fb96b15d-8a61-4a95-9354-b27c64ba3aff,1,0,1,0,1,0,0,1
f438ebfc-6f8c-414c-8352-0685ec0711fb,0,0,1,0,0,1,0,0
58b3a9e9-ca5c-4df8-9b63-03fed81b76a5,1,1,1,0,1,0,0,1
cc004d11-80aa-43ba-90e9-4f6643944086,0,0,1,0,0,1,0,0
5dc84f7c-2db6-40e6-b48d-4bcdaa3ed1c2,0,1,1,0,1,0,0,1
09b36377-f943-43da-9f6b-8adf11d088a6,1,1,1,0,1,0,0,1
631b59b9-bd00-42eb-9940-cda1c6eeaae1,1,1,1,0,0,0,0,1
90b8ae30-a4ad-4e8e-a88b-ba94319f1f6e,0,1,1,0,0,0,1,1
8d1fd75e-7d50-486c-a87f-4ee63db050ea,1,1,1,0,0,1,0,0
b38e38e3-3ad5-40df-8a1d-9b51ded45297,0,0,1,0,0,0,0,1
6e793e09-2a8e-451d-baf5-ad29ea96cd6d,0,0,1,0,0,1,0,1
97556feb-6bc7-4c25-986a-668624504e5b,1,1,1,0,1,0,0,1
bdff40ed-3d78-4463-be12-0301dd634a70,0,1,0,0,0,0,0,1
449cf6d8-374d-4aa7-bed1-9491fe870c91,1,1,1,0,1,0,0,1
eb726d04-1fc8-4868-8c9e-d281084d9f4f,1,0,1,0,0,1,0,0
632f61fc-6271-48ca-9bf4-3409e2409b8a,1,1,1,0,1,0,0,1
254d7332-fab2-4d61-9bc9-2ca1be8612b1,1,0,1,0,0,1,0,0
e29b7794-5600-4a60-a625-47627d8fb253,1,1,1,0,1,0,0,1
45561b1b-95cd-4d0c-8fde-da1440651b72,0,0,1,0,0,1,0,0
fe354c58-06c5-4df4-8f46-99d2990acaf2,0,1,1,1,0,0,0,1
8c7d6a0e-e5ae-47dc-b0b9-eb237118bb87,1,0,1,0,0,1,0,0
9a01cd30-fae4-4e0a-9c2f-0dfa48388efa,0,1,1,0,0,0,0,1
9df86eee-5544-4acf-951d-64d716f14d43,1,1,1,0,1,0,0,1
4d9c1789-4d1c-4b56-b10d-fdade585e549,0,1,1,0,1,0,0,1
998d9142-76e9-4473-89f2-68b633b8723a,1,0,1,0,0,0,0,1
a3ca3d41-7a7b-4489-a3c0-a02a1525afff,0,1,1,0,1,0,0,1
07cd3a42-b1e2-48d6-8fcb-68e0846970c3,1,1,1,0,0,0,0,1
c772e779-15c1-470a-8e65-04a0ea2c0a06,1,1,1,0,1,0,0,1
b3c821b7-501b-434d-a9dd-df2821e66944,1,1,1,0,0,0,0,1
d777d46f-68db-4942-8f11-364204ef151a,0,1,1,0,1,0,0,1
d477b37c-987b-47dd-85d5-7c88d45aac03,0,0,1,0,0,1,0,0
48dc31c4-b0bd-4902-85d1-a14ee091c13c,1,1,1,0,1,0,0,1
0d1acb79-77a7-41c5-bff5-c52f8f38e017,1,1,1,0,1,0,0,1
fee7cd01-57e7-418b-b00b-8143bfea8394,1,1,1,0,1,0,0,1
da694ba5-b0b6-4ec3-9d88-45e2d310b795,1,1,1,0,1,0,0,1
107123bd-ef83-4ed8-aa55-9c2462a6fe6c,0,1,0,0,0,0,1,1
83f599a7-fb53-49ff-b455-af3244f7b925,0,1,1,0,1,0,0,1
20c7fdc1-1140-467e-b3a4-9deb0bd4af32,0,1,1,0,0,0,0,1
e5c270ab-3f2f-454d-b73c-4562caade985,0,1,1,0,0,0,0,1
7c896aeb-abdd-4937-b181-4bb5f2a4b88a,1,0,1,0,0,1,0,1
60256eb8-f075-4461-9be3-66055ff44139,0,0,1,0,0,1,0,0
309e18ab-a533-4beb-b8ca-f55e99498742,1,1,1,0,1,0,0,1
4012a25d-9af0-4cb5-a354-d516e35cb8cd,1,1,1,0,1,0,0,1
2417f768-63d9-4aa2-8d21-dd5f20ca4450,0,1,1,0,1,0,0,1
be56697e-53da-4375-985f-0ca847631457,0,0,1,0,0,1,0,0
5a71afcc-f77e-4a82-8ede-2ff863bc9cf5,1,1,1,0,0,0,1,1
5bce8120-9284-4e33-a06f-55873903716c,1,1,1,0,1,0,0,1
19ce7420-6187-4aeb-8c2b-7a5b9c5861f1,0,0,1,0,1,0,0,1
200620e7-d06f-44fc-8c41-efbfaf5cbdeb,1,0,1,0,0,1,0,1
9afc3c11-ef6e-41aa-bd6b-03f737f9b628,0,1,1,0,0,0,0,1
218439c4-7277-4c6b-bf9b-68a9c97b7f4a,1,0,1,0,0,0,0,0
e0f7d165-2ed4-410e-8d0b-5071febc0845,0,1,1,0,1,0,1,1
4e32805a-1320-43e3-99d7-d08cd7f2e7e0,0,1,1,1,0,0,0,1
b7822981-1c05-4878-b736-4c5646a2e1a9,1,1,1,0,1,0,0,1
5440e8d9-88de-4474-8cc1-d396a58b9467,1,1,1,0,1,0,0,1
6dfd2ed1-8b38-4dee-9efa-d64b92487dd1,1,0,1,0,0,1,0,1
cbeb93af-aaf4-44c2-ad91-e7285969b0c5,0,1,1,0,1,0,0,1
3881aff5-578c-4909-8b36-16ee4fac73ad,1,1,1,0,1,0,0,1
699603b0-3177-4a41-853f-9a2b38530468,0,1,1,0,1,0,0,1
715c4eea-0376-4adf-8e6a-0792e66d8d5b,0,1,1,0,0,0,0,1
5f48b52f-5b2f-4027-9022-a142f2989c2d,0,1,1,0,1,0,0,1
23db019a-f86b-44d2-81ab-aca9a1dbdb9c,1,0,1,0,0,1,0,1
e1c83743-c6b8-413b-8eb5-6b2067e80496,0,1,1,0,1,0,0,1
4a3f8d44-c786-4b16-8490-2c9e48700c92,0,1,1,0,0,0,0,1
76a32904-4e3e-48fc-8516-4d6255dec1cd,0,0,0,0,0,0,0,1
e737b9ed-b361-4ccd-9c08-2f7bd2a958dd,0,1,0,0,0,0,0,1
35b8450f-97fb-4875-b9c9-ced92d9cd3e1,0,1,1,0,0,0,0,1
8bb61aea-6916-4328-a5eb-6d6435926671,0,1,1,0,0,0,0,1
98789790-b087-4a34-b2df-b8f1ab0b7f24,0,1,1,1,0,0,0,1
e605663b-a55f-43bb-ad07-d8c7800ccd33,0,0,1,0,0,1,0,1
5156e2a6-341d-41de-9c9d-fb7f7de2cef1,1,1,0,0,1,0,0,1
6fb8fabf-1779-4c39-ae0e-d16d59a11e07,0,1,1,0,1,0,1,1
0b8093ad-2115-4231-ba8b-14330d5ae0bb,0,0,1,0,0,1,0,0
5d6e4a82-c1df-4583-96e6-d7f97e594f0c,1,1,1,0,1,0,0,1
36aac6a3-c76b-485d-83aa-94d8d03eed4b,0,1,1,0,0,0,0,1
29ff230b-0e5d-473e-a0e7-de98373a83ed,0,0,1,0,0,1,0,1
2598fd97-5d7e-4826-8bfb-5243912a8124,1,1,1,0,0,0,0,1
5aebe80a-9e4f-4b85-820b-41da51133e6a,0,0,1,0,1,1,0,1
480b6019-fe92-49bb-bf90-53f6799a1811,1,1,1,0,1,0,0,1
4e7465d6-8b21-4fac-b62a-2557f1c2660e,1,1,1,0,1,0,1,1
223c9edb-0aab-4f87-b611-9978e2723e52,0,1,1,1,0,1,0,1
d3542257-8cd1-42d4-b131-93f2fc1c366f,1,1,1,0,0,1,0,1
3b28b204-3949-4054-b10a-18d9f3077097,1,1,1,0,0,0,0,1
d1ed3a2e-29c6-4486-98fc-530a09bc17ea,0,1,1,0,0,1,0,1
1a844647-df02-484f-b018-5b94df34760a,0,1,1,0,1,0,0,1
1dea0911-9372-4681-b75b-03f77cd05c8b,0,1,0,0,1,0,1,1
4daf5924-1c2e-473e-81ba-a7835bbca4c6,1,1,1,0,1,0,0,1
1a15d4b8-e1be-43ac-8b79-c3a6b43e8abf,0,0,1,0,0,1,0,1
a8ef8677-bc57-410c-b22b-27e847f587cd,0,0,1,0,0,1,0,0
c28638e8-80c9-43c2-b0dd-66d2a8783d58,0,1,1,0,1,0,0,1
8e5f438d-5e6b-429f-af9a-55bbdef14c01,1,1,1,0,1,0,0,1
c5bb3b70-afb0-4601-a719-1003e60a03cd,1,1,1,0,1,0,0,1
9c190852-4f0d-44f0-962e-7959ef3e69a7,1,1,1,0,1,0,0,1
d9ca9b82-9e3a-4135-8a33-2a5bc1f58360,1,1,1,0,1,0,0,1
953beb35-f465-4b97-a85c-29c024df35d7,1,1,1,0,1,0,1,1
a7c41402-7480-43db-af95-b458b7bffc8c,0,1,1,0,0,1,0,0
04387845-f2ec-434e-8892-6e2117a7834a,0,1,1,0,0,0,1,1
cf9ba8dd-8d52-43e7-a852-90d0ebd442ee,0,0,1,0,0,1,0,0
31617a67-70f7-481e-8b1c-1d71d77050c4,1,0,1,0,0,1,0,1
8a1b8c3d-0781-4522-bdb8-47d6e3bd968b,0,0,1,0,0,0,0,1
b7744daf-f577-4562-bbd6-246d30d7d3eb,1,0,1,0,0,1,0,0
9ba5127f-e764-46e1-aa38-934e17815660,1,0,1,0,0,1,0,0
3c29dfcb-5bab-4075-be0f-4a2861b1fbb1,1,1,1,0,1,0,0,1
6df2c5f8-ddb5-47b2-a484-61f683ba2f8d,0,0,1,0,0,1,0,0
3c97c35f-a661-47a9-a4cd-710c44029566,1,1,1,0,1,0,0,1
a115c47a-c5d6-40ef-8863-fc7435c18526,0,1,1,0,1,0,0,1
b490357b-1109-494d-a9c8-deedea2cebc3,0,1,1,0,0,0,0,1
9923a647-6514-43bc-b397-312de786399b,1,0,1,0,0,1,0,0
8db6b1bd-66a2-490d-bbb4-7946ba96c599,0,1,1,0,1,0,0,1
60c66765-9b8c-4daf-9634-8b93af94dc67,0,1,1,0,1,0,0,1
47301aff-fea8-400a-bece-3f680106cdeb,0,1,0,0,1,0,0,1
6c6db4ec-c501-4b28-bc0f-a02da7e40bfd,0,0,1,0,0,1,0,0
e74d8200-fd9e-4287-b694-d6b05858510a,0,1,1,0,0,1,0,1
cd3e8a45-4678-4662-b4f6-8a5242b23227,0,0,1,0,1,0,0,1
7f977ce6-3766-404d-92ba-9f5fe4a6a27d,1,1,1,0,1,0,0,1
dc7a86ee-ad52-4819-8766-72aec5f386e3,0,0,1,0,0,1,0,0
6c7993fc-c67c-498e-bc81-6c8044498471,0,0,1,0,0,1,0,1
dea55b16-7a05-44f7-8c36-fb06b10db5c5,1,1,1,0,1,0,0,1
4c837c5d-9cf7-425e-929e-b6d84273e550,0,0,1,0,0,1,0,0
29754cf8-a035-4cb2-96c2-7cc1d05b0570,1,0,1,0,1,1,0,1
4fe3b1e2-4993-4d93-b10c-a8724e32bd99,1,1,1,0,0,0,0,1
206b974c-a302-4405-a4c8-294ef94d2aa0,0,0,1,0,0,1,0,0
753d9c7c-b353-496d-aced-5179467fe34b,0,1,1,0,0,1,0,0
0edea816-3bd6-4572-a4b2-4587b2dd084e,0,1,1,0,0,0,0,1
a7431fbb-a145-46e6-9039-11cf68a8db85,0,1,1,0,1,0,1,1
bb8cb81e-15d7-427a-97ab-cc18b3f7f52b,1,1,1,0,1,0,0,1
d2417b64-f6d2-4d36-a6cd-9eed26ad301e,1,0,1,0,0,1,0,0
0f31fb5d-e996-4510-b3e2-815e2745a8d3,0,1,1,0,1,0,0,1
ec32c6b8-b622-4594-99e6-fc12cfcd948f,0,1,1,0,1,0,0,1
7ae6c516-7cce-4be2-b821-0ec6e3a93f0e,1,1,1,0,0,0,0,1
21600a17-dc4b-4d7e-ad57-69d2343e3e4a,1,1,1,0,1,0,0,1
0755cd41-b079-4725-80af-136768b920fa,1,1,1,0,1,0,0,1
bdcc0350-e23d-4edf-9db3-c9d97ddd1444,0,0,1,0,0,1,0,0
a5e799eb-14de-4be5-9c25-09920071c090,0,1,1,0,1,0,1,1
6363ff92-35f6-45ad-a3a0-de10bbcde940,1,1,0,0,1,0,0,1
dfaefe63-29a8-436d-83cf-0783cbf918d7,0,0,1,0,0,1,0,0
824bacfe-084b-42c8-a94e-4c7a1c2fb09b,1,1,1,0,1,0,0,1
20009aa9-94ee-45b4-87c6-5bba0eb80aa3,1,1,1,0,1,0,0,1
60f79af7-16e3-476f-b58c-3ada44335199,1,0,1,0,0,1,0,1
1efa27d3-cfd7-47ea-b9ea-0181633d413b,0,1,1,0,1,0,0,1
50b1f8a2-a9a1-4c7e-b062-a996221d540b,0,1,1,0,0,0,1,1
8fa9c7e8-eb45-4ca4-b1da-97df33028b5e,0,1,0,0,1,0,0,1
1390b7d1-998d-48e7-bd13-63afae3a2184,0,0,1,0,1,1,0,1
0ac26e76-7c78-4914-8958-7382253ed527,0,1,1,0,1,0,0,1
6a118354-7e48-42b3-ae41-a6794f48a38d,1,1,1,0,1,0,1,1
56dbc8ec-1471-452d-9322-cfbfc1d69a1a,0,1,1,0,1,0,1,1
2ac22895-9b76-42a5-931b-61f22860a92e,0,0,1,0,0,1,0,0
b33dc931-4bbc-488a-9917-b6188f74f4b5,0,1,1,0,0,0,1,1
005a7850-6e88-4623-a3a5-487d591f76bf,1,1,1,0,0,0,0,1
0f4f4801-3555-4967-84b4-e535787a721a,1,1,1,0,1,0,0,1
98a21923-6825-40e3-803f-4e6e1207bf9c,1,1,1,0,1,0,0,1
00009230-a4b8-4167-845b-b7e465cde845,1,1,1,0,1,0,0,1
d6ad689a-2591-40b6-beef-e5e38398c80e,0,1,1,0,0,0,1,1
14d455a4-cab4-495d-992f-eab2e48ceb09,0,1,1,0,0,0,1,1
69727274-c60d-4389-acd0-cedb2189e3e6,0,1,1,0,0,1,0,1
41831b34-52f7-454d-9c33-3652d43b24e6,1,1,1,0,1,0,0,1
06aaa4f1-0458-4165-9dbb-2b39e1cbc789,0,0,1,0,0,1,0,0
3388c8bd-266c-436d-a4d2-97a6c6541e24,0,0,0,1,0,1,0,1
dfdf0b52-4fa8-4d9e-8ef2-92aeb230bf8c,0,1,1,0,0,0,1,1
ebc384fa-66d7-45c3-aaee-6c429c2f3051,1,1,1,0,1,0,0,1
cf9242be-b2e2-484d-a75e-0286173821c9,1,0,1,0,1,0,0,1
1dc0e59d-b4b4-4b44-8205-9c2accfb1fa6,0,1,1,0,1,0,0,1
2307e9c6-70b7-423a-910b-ff32a9089578,1,0,1,0,0,1,0,0
94ee56ef-ab7c-49ae-87eb-97a9acd3ea01,0,0,1,0,0,1,0,1
8c645867-c199-4350-aeb1-e3845f95fe9c,0,0,1,0,0,0,0,1
b4fd8296-a86a-4d38-affc-9744945f8025,1,1,1,0,1,0,0,1
548c162b-7079-411a-abfe-94ef5948f8e2,1,1,1,0,1,0,0,1
6186cfa8-ad1e-4e95-bbdb-096a82c4bdcb,0,0,1,0,0,1,0,1
df3103c1-bd68-49f5-9bfa-1c1688df08a3,0,0,1,0,0,1,0,0
6124bfed-6d4f-4d26-8d76-334bb45688a1,1,1,1,0,1,0,0,1
39826913-a8de-4179-9e06-fe7c7a4d75f7,0,0,1,0,0,1,0,1
87c47739-8444-4279-b33c-f2b068228314,0,0,1,1,0,1,0,0
45a1087d-44dc-4440-9059-12e2e4f1310b,0,1,1,0,1,0,0,1
07804348-ffcd-4c30-8631-549a0b72e9b9,1,1,1,0,1,0,0,1
a2528874-3907-4e30-8b49-140f5a6b84e2,1,1,1,0,0,0,0,1
9d3b843d-46d3-4f22-943f-252c3298869d,1,1,1,0,0,0,0,1
d28d7d32-c07b-46f6-b840-d5552da70b78,0,1,1,0,1,0,0,1
bb4eb62f-4ec3-4d5f-8cc5-4e0eef3e88c9,0,1,1,0,1,0,0,1
a86cf77f-6a17-4f6c-937f-bd165a83de4e,0,1,1,0,1,0,1,1
cd6715a7-7edd-4d27-a4e1-d70828005ed2,1,1,1,0,1,0,0,1
d734cdce-e6bf-44d6-a369-a72bd2ebb021,1,0,1,0,0,1,0,0
6c7c1948-8bf1-4368-bc71-962280a0e6d5,1,1,1,0,1,0,1,1
13dad3a6-6738-4a81-8115-903e01ced156,1,1,1,0,1,0,0,1
44a65a0c-a079-4e9c-a203-89de0c786eca,0,1,1,0,1,0,0,1
7d35745e-b20d-47ec-9182-c8656b8860dc,0,1,1,0,1,0,0,1
0d8bef3e-c925-40a9-9eea-98aa70741915,0,0,1,0,0,1,0,0
5bc1e299-a7c4-4bac-9867-b9d3e9611a4a,1,1,1,0,1,0,0,1
b4dde51d-9c47-4e4b-8c47-786e9fbd397e,1,1,1,0,1,0,0,1
4f8d0a2b-b183-4fab-90de-a7b6ccd858c9,0,0,0,0,0,1,0,1
6074e4d5-2ea3-45ec-b24d-fb412721b53e,0,1,1,0,0,0,1,1
74eaed80-734d-460b-8b25-2c0a315d371e,1,1,1,0,0,0,0,1
55d2bbeb-4cc6-4c92-af8e-47a9de3ea73d,0,0,1,0,0,1,0,0
8056cb2e-ef3c-4a38-a44a-b040cbe51ac7,1,1,1,0,1,0,0,1
b3ad7922-31e0-4088-b178-c8ed328e40c8,1,0,1,0,1,1,0,0
2140189b-a2d0-4ec5-b95c-d47c9f5433ab,0,0,1,1,0,1,0,1
6c464f46-d479-4faf-a4c0-25b826d8281b,0,0,1,0,0,1,0,0
8cf1ae5e-253b-4af4-aca3-9e5f4a68556e,1,1,1,0,1,0,1,1
419bfba0-5cf6-465d-a238-f682c6add2c7,0,0,1,0,1,0,0,1
14a4fb86-69d6-4144-9a81-d8b02ecd2d96,1,1,1,0,1,0,1,1
679d512d-19f6-49f5-ae68-777946002196,0,1,1,0,0,0,0,1
2fe1f079-8d58-4caf-99e1-2fdc0fddca64,0,0,1,0,0,1,0,0
6747d6c1-4f7c-4f75-8a0d-0b69b1a7e47d,0,1,1,0,0,0,0,1
032d6d37-b5d7-484c-8287-99f768f6ab60,0,1,1,0,1,0,0,1
92b4a2ff-73e4-4f46-9174-6599e4a7c932,1,0,1,0,0,1,0,0
154e21fe-2aaf-4107-896f-24745cfe6705,0,1,1,0,0,0,0,1
a4583f16-c7e5-475b-aecb-f181ea982872,0,0,1,0,0,1,0,0
a1ebdffa-2fd6-4b7a-b01b-b3f6b22182e5,0,0,1,0,0,1,0,0
8ddf618b-235e-4650-bdad-04d6b501f85f,0,0,1,0,0,1,0,0
e6567a8d-b4f9-41f3-a236-46e12741bfad,0,0,1,0,0,1,0,0
db3e9ffd-81d4-487c-8e19-a19dd85b98a3,0,1,1,0,1,0,0,1
4533d6c3-7510-4c75-8f83-0825f2622016,0,1,1,0,1,0,0,1
82e1911e-7e40-4667-8f80-4ee90416cdc5,1,1,1,0,0,0,0,1
84a6250b-a67b-4543-8472-d057a893570a,0,1,1,0,1,0,1,1
ae08a7d7-fcd8-4c51-b585-ad3fdf8d2d35,1,1,0,0,1,0,0,1
7e03c7b2-ae6c-4a8b-ae9c-085deacb95e5,0,0,1,0,0,1,0,0
1446b53e-fdfa-425e-954f-a3d1f0588a84,0,0,1,0,0,1,0,0
90d3689c-f199-4a5b-ae6a-1536f94d401e,0,0,1,1,0,1,0,0
f9c79fd8-31a5-42aa-8668-644a49132e26,0,0,1,0,0,0,0,1
f01221ee-5d85-46cf-9640-40f90d486863,0,1,1,0,0,0,0,1
99e16025-577f-4a9d-ae5c-e5097d541e56,1,1,0,0,0,0,0,1
6eeccdd4-f875-43a6-97d2-ce5d8f8f53c5,1,1,1,0,1,0,0,1
e1e0b046-8016-415e-8796-ef127e0844ec,1,0,1,0,0,1,0,0
1ce3b837-780d-40e9-a3d1-e7419967662c,0,0,1,0,0,1,0,0
28c378da-6610-4f05-bd5e-27dfa0f9d5d4,1,1,1,0,1,0,0,1
4b1d3414-f0ea-4975-8c40-97c5fc9465b6,1,0,1,0,0,1,0,0
51d39440-035d-4b5a-ac17-6edfd19df5cf,0,1,1,0,0,0,0,1
5fec9016-23d3-4d54-a82f-07afaa0e6b16,0,1,1,0,0,0,0,1
94fd132d-a1c1-45de-adb8-f2d97e40761c,0,1,1,0,0,0,0,1
609ba79a-307f-458a-b1b5-81378c8c9cb3,1,1,1,0,1,0,0,1
7759e52d-da06-4f6d-b3ce-0eb438be3e07,0,1,1,0,0,0,0,1
c4f4b807-bd3a-484c-a2aa-7f94969374e6,1,1,1,0,0,0,0,1
230234fe-a1fc-4d89-8684-52005b871139,0,0,1,0,0,1,0,1
b4cb0199-7305-46cd-9225-daeb871a28e8,1,1,1,0,1,0,0,1
788a3dfb-3a22-4a79-a8ea-eb1f565d3d11,0,0,1,0,0,1,0,0
d346d62e-532d-4d2d-a5c1-071f5a7fffdb,0,1,1,0,1,0,0,1
5ea83a07-65cf-4cdd-90b0-3730e2c08a90,0,0,1,1,0,1,0,0
fa812102-8ac3-490a-9dc7-b5732a389572,0,1,1,0,1,0,0,1
cd54695c-e38d-448f-a6f5-fb1435ab8c86,1,1,1,0,0,0,0,1
3ad09529-f8cf-4585-8347-1c1406287b0e,1,1,1,0,0,0,0,1
d324eed1-a10d-466f-b1dd-281e187aa775,1,0,1,0,0,1,0,0
ecc714d1-804a-4e2b-92e9-9b69088da3a6,0,1,1,0,1,0,1,1
d7b134fe-bd19-4d32-a3c3-63202003558b,1,1,1,0,1,0,0,1
c859b537-1229-4dd3-b8aa-734e4d1856c9,0,1,1,0,1,0,0,1
06309cf3-7ead-47f9-8a33-2435a6f5cf23,1,1,1,0,1,0,0,1
2b65634b-2f94-41d4-ac2a-9c4039aeb9e7,1,1,1,0,0,0,0,1
e10ac8a8-11e8-45b1-9e6d-041f00a60f3e,1,0,1,0,0,1,0,0
171e4a80-0422-454e-ab73-44af54db280b,1,1,1,0,1,0,0,1
355a4e74-7571-4ec6-a61c-7ccfaea9abe5,0,0,1,0,0,1,0,1
150f24f8-d8e2-4f33-bd0b-15e3bc245b48,0,0,1,1,0,1,0,1
ef4e0c0f-9d15-417a-ac4c-136b39bd5bbc,1,0,1,0,0,1,0,0
f5a3a497-81b1-4a91-8f7c-b5bcf0e14a92,0,0,1,0,0,1,0,0
33b27479-ade8-4b70-b9cd-2373d8e4ee25,1,1,1,0,1,0,0,1
c198237c-fd51-42b4-b7a7-c39d0c60d6e9,1,1,1,0,1,0,0,1
95241a2a-8c8c-4dc0-80df-5f7c1ca455a2,0,1,1,0,1,0,0,1
2de27c68-9bbf-49bb-8aa8-aeed599f3d33,1,1,1,0,0,0,0,1
14421990-621e-44c6-85d5-7e8f97e0f1a3,0,1,0,0,1,0,0,1
In a post-credits scene,0,1,1,0,0,0,0,1
0f6a1965-8110-4dfa-89d8-22bc785c5e67,1,1,1,0,1,0,0,1
25224971-c5ad-476c-ad40-6f030a20e6a3,0,0,1,0,0,1,0,0
53938d71-88ea-4945-9bce-79778195779a,1,1,1,0,1,0,0,1
b8e049df-c26b-47eb-98eb-b6c78d6f2915,1,0,1,0,1,0,0,1
7c345358-2034-46a1-b8f9-0dfb07d0b284,1,0,1,0,0,0,0,1
27082e15-5701-4fdf-a56a-e6f1c31f66ac,0,1,1,0,1,0,0,1
2c3d0ce5-3640-49e3-893a-94e256dd0845,1,0,1,0,0,1,0,0
da426458-2dfa-4828-b4e4-a4c3e202026f,1,1,1,0,1,0,0,1
77281f64-f035-4fc1-89ba-78272f545e35,0,1,1,0,0,0,0,1
8cf96204-d671-42f9-ada6-0ca780f64178,0,0,1,0,0,1,0,0
b28a08c8-469e-4651-a158-76de3a4e8fd5,0,1,0,1,0,0,0,1
2dc89dae-a9d7-4d93-ae99-f137020c32ca,0,0,1,1,0,1,0,0
bcf2b257-fca3-4352-8eb8-91bcd5fa9954,0,0,1,0,0,1,0,0
d4e921c9-d1fe-4dc0-9f93-e34f69b76003,1,0,1,0,0,1,0,0
ab1d6fbb-cc7f-4bd5-90ba-f833b10bf381,0,0,1,0,0,1,0,0
228cb6e0-2807-47a6-9bd1-6f405dac9140,0,1,1,0,0,0,0,1
a840c277-ccd2-40f3-ab38-44503e7a244a,1,0,1,0,0,1,0,1
dd3fad98-cb62-4048-beba-c4929a41dd71,0,1,1,0,0,1,0,1
46627275-7cf0-4ab2-9313-003860996f5e,0,0,1,0,1,1,0,1
30a2f2c2-64c8-4d29-a7c4-ae1c14eb51b0,1,1,1,0,1,0,0,1
9c43d4ff-f168-4b2d-85bc-3e7518d73c50,0,1,1,1,0,1,0,1
7d09ef59-385a-42a6-bb07-06aa978fd3ed,1,1,1,0,1,0,0,1
c3431f60-4a82-401a-8fb8-02652785eeae,0,0,1,0,0,1,0,0
b2ba00b5-6c63-4a7d-86e0-761b8ba8f4f7,0,1,1,0,1,0,0,1
d8f7eab5-97b7-4d7b-894c-e06d64a7e9e1,0,1,1,0,1,0,0,1
0e3e44ee-8948-49e2-98d3-1f83216ce643,0,0,1,0,0,1,0,1
9c8b2537-9e57-4d75-8a73-4a4c2f94e315,1,0,1,0,0,1,0,0
63bfa500-1186-4bd7-a147-51da07ff6469,0,0,1,0,0,1,0,0
11d960f6-6270-48d9-ac16-d7e47124d71a,1,1,1,0,1,0,0,1
6ceca219-e1c2-482a-8f4c-c6f227d4e020,0,0,1,0,0,1,0,0
3ee73301-dad9-4728-9843-76e207145a41,1,1,1,0,1,0,0,1
16e21a76-8222-45ba-bd14-219d46127710,0,0,0,0,0,1,0,1
f0187c3d-11d6-49a1-8dea-a3fa05a3b64e,0,1,1,0,1,0,0,1
25b29238-3327-4e18-8aad-a7ca7657a03e,0,1,1,0,1,0,0,1
b24dea69-6bcf-4a9a-aa4f-a4d8f05cd086,1,0,1,0,0,1,0,1
0e9f3f77-ac82-4f60-bb8b-87e7cc236613,0,0,1,0,0,1,0,0
0039bde0-30a9-42a4-9bca-36191adf193d,1,1,1,0,1,0,0,1
ab0aa98a-ec07-4d4a-b828-bf460775bbac,1,0,1,0,0,1,0,1
5a8316e1-aba6-47c3-b47e-42f95144cfa6,0,1,1,0,1,0,0,1
1333e1b7-23f2-4238-8727-d3e5b2c03ae8,0,0,1,0,0,1,0,0
68bbebd2-1958-4bf4-9c87-4c1f62a8e9a8,1,1,1,0,1,0,0,1
8156c5a9-4be9-47f2-8468-bf774751b60b,1,1,1,0,1,0,0,1
6e6efc1a-aba1-4d4f-acfb-2f5acd11ca52,0,0,1,1,1,0,0,1
66a78f3e-e7d0-4e82-81e7-9c8e9d38961d,0,0,1,0,0,1,0,0
027ef1b0-345f-43fc-9e67-e54ee4cc8c7b,0,1,0,0,1,0,0,1
cada5433-e029-4fd7-8b55-9328d58fd65f,0,1,1,0,1,0,0,1
f9d30474-a762-4396-ba59-5bb071b15536,0,1,1,1,0,0,0,1
89861521-e556-4e75-a802-fcbfdbe0fa12,1,0,1,0,0,1,0,0
87777a0d-b968-44fc-bc70-3f86eb8b62b2,0,1,1,0,0,1,0,1
f1539aab-be15-481f-9371-2c6a56f717cc,1,0,1,0,1,0,0,1
e648fca8-aaf4-41e1-82e9-b16bdc26d7bf,1,0,1,0,1,0,0,1
1ea415b4-c838-498f-91db-240cb2c2699e,1,1,1,0,1,0,0,1
93e35f8a-4c4a-4f47-b65c-b88f25f8ef55,0,0,1,0,0,1,0,1
c0f58050-f134-4ff3-b960-8686d1f7ecbe,0,0,1,0,1,0,0,1
3719a676-7cec-4a40-bc95-6fa7d4ab38ef,1,1,1,0,1,0,0,1
ba5d2a67-7cc8-496f-973e-75ceb91c2583,0,0,1,0,0,1,0,0
f68b165e-df62-415f-a835-7b1e4e106fb7,0,1,1,0,1,0,0,1
9b64c488-a15e-47f3-9ebb-62c7b2aeab21,0,0,1,0,0,1,0,0
3162dd2e-7609-49d7-812a-73403e1de408,0,1,1,1,0,0,0,1
c3824035-5f87-4ab3-ba40-14f67e8179f5,0,0,1,0,1,0,0,1
bb39e05e-5d22-42c7-ad54-399fd1c270e7,1,0,1,0,0,1,0,1
10624417-9dd9-4311-80db-ff714a60faec,1,1,1,0,1,0,0,1
457666bf-90c8-46b4-a2b8-c96b5b5b2d27,0,1,1,0,0,0,0,1
847b3c8f-9c42-4552-a975-5ed3ea101100,1,1,1,0,1,0,0,1
286ff125-686f-4b7e-ab1f-b6fab11f8cb9,0,1,1,0,0,0,1,1
df8d2b2c-6bbf-45f7-8872-1a283ab91e0e,0,1,0,1,0,0,0,1
0dec267c-9230-4282-866b-0759f950463a,0,1,1,1,0,0,0,1
5c753c61-e57d-4a7c-a06f-9fc01390ef6a,0,1,1,0,0,0,0,1
5fb97c9d-47d5-4c0d-8d54-083c6ca672d4,1,1,1,0,1,0,0,1
e645cc33-f003-474c-9539-1d5c55bed5ff,1,1,1,0,1,0,0,1
ad7c2fb6-d78e-41c4-a4d7-5fddd6c54ee0,1,0,1,0,1,0,0,1
5803e4e8-cca3-4204-a5d9-b4ed1064e567,1,1,1,0,1,0,0,1
57fd7ba7-7eca-4588-978b-c89aba6756e8,0,0,1,0,0,1,0,0
4d850715-24ce-4eb4-9199-9462870aa2bb,0,1,1,1,0,0,0,1
5dcea69c-7342-4b2b-8aca-941da401d595,1,1,1,0,1,0,0,1
2cff3699-c283-4b82-b45c-57299cf2eba5,0,1,1,0,0,0,0,1
5a0f1db4-c194-4ba9-9de8-8829d502c188,1,0,1,0,0,0,0,1
7a1e43ed-cdab-44d9-8870-c60141024da7,1,1,1,0,1,0,0,1
3d14b6d7-4479-4c52-a082-e7c54e26139d,0,1,1,0,1,0,0,1
b351c91d-7fab-4d9f-a630-7d204238682a,1,0,1,0,0,1,0,0
6a67798d-c182-4184-aa21-5e7284fdc81b,1,1,1,0,0,1,0,1
da409600-4008-43be-98ca-49375a1ade47,1,1,1,0,1,0,0,1
2eef2eea-b132-432f-b927-8cfbf14a4f2c,0,1,1,0,1,0,1,1
367120c6-99de-403e-882d-3c765b03226b,0,0,1,0,0,1,0,0
38b22965-7e34-49ec-b1e5-03f75fbe0559,0,1,1,0,1,0,0,1
96388527-71c7-4a63-afc8-ea442e7444b5,1,1,1,0,0,1,0,0
0364bca4-3199-4cc8-bd2a-284df9809b4b,0,0,1,1,0,1,0,0
5ca837b7-bb3d-46a2-89a5-08c52f716169,0,0,1,0,0,1,0,0
6026a7ae-0425-4af2-b1ec-e9bfc23e7afe,1,1,1,0,1,0,0,1
47a38167-11f5-45b6-bd05-56d9d3fb5681,0,0,1,0,0,1,0,0
2bc102e4-f949-449f-9f91-89d103b2cfa9,1,0,1,0,0,1,0,0
a8ea890c-3910-4958-8d89-82ac6ff4c4e0,1,1,1,0,1,0,0,1
0cf2a10e-3d38-4930-a60d-32a45d2d1026,0,1,1,0,0,0,0,1
6db3c9bc-b29c-4039-8338-a79d12fbc7a4,1,1,1,0,1,0,0,1
6c528174-73d1-4d4f-9f22-a820adf4380b,0,1,1,0,1,0,0,1
ad9c00df-35e2-4d4b-9a5a-637a338328cb,1,1,1,0,1,0,0,1
ae8e59c5-1388-47cb-8a0c-00112e5c7043,0,1,1,0,0,0,0,1
7218d74a-3db7-4497-9ceb-06b44bbc4f89,1,1,1,0,0,1,0,0
dfc0c4f2-9dbb-4d07-8e0e-d83820d0a374,1,0,1,0,0,1,0,0
628561ba-fb50-4c70-8da3-62b720dfae1f,0,0,0,0,0,1,0,0
e95051de-1edc-450b-96b6-3f228cbd81f3,0,1,1,0,0,1,0,0
eda1a4eb-b144-413f-aa77-5e630c282f7b,0,1,1,0,0,0,0,1
cd1b1d88-e61d-4446-be72-af20a231764d,0,1,1,0,0,0,1,1
61430890-da97-487f-86cb-08cd5348f2ee,0,0,1,0,0,1,0,0
0ec58d64-6f91-41d0-8799-a4d7199cab5d,0,0,1,0,0,1,0,1
d1dad0b7-d21a-4f93-9c63-77fc22356642,0,0,1,0,0,1,0,0
e90e27c3-a29d-48c4-82fa-9e0086917da2,1,0,1,0,0,1,0,0
12b8c62d-6160-4e15-b67e-8c41ce78b8dd,0,1,1,0,1,0,0,1
75f71ec5-c68c-46ed-87a2-e1fce4e70d10,1,0,1,0,0,1,0,1
9ae0093d-381c-464f-9b17-93d23ea0059f,0,0,1,0,0,1,0,0
f74f7d0e-8eba-4d83-a5d8-049cb0c64472,0,0,1,0,0,1,0,0
aed47a86-a567-4d1a-a2ca-02794f556424,1,0,1,0,1,0,0,1
b10f235b-e40c-449a-9509-87edb5992b92,1,1,1,0,0,1,0,0
39f9fb88-2af2-4f80-bf5c-88127b953877,0,1,1,0,0,0,0,1
f2e0456a-99f4-4b31-85c4-ec9f9335ea57,1,1,1,0,1,0,0,1
e11ae523-2991-49ef-8c03-458fb23570b7,0,0,1,0,0,1,0,0
ef6622ec-01f0-4cc3-b06c-7d7ccf8c8d47,0,1,1,0,0,0,0,1
b3219bfa-8529-41fe-b1d9-46e2eccc8de2,1,1,1,0,1,0,0,1
5ad586b3-fdd7-476a-8fbe-b1c67024a514,0,1,1,0,0,0,1,1
3e6461f6-66b7-471a-9f99-4a26d8992af5,1,1,1,0,1,0,0,1
0063546a-90ff-43c4-a974-fb8c22b86350,1,1,1,0,1,0,0,1
de4d1dc6-242c-476e-85bd-35ce7d1ff7e2,0,1,1,0,1,0,0,1
e63d6138-acad-4864-b006-8986a9cf2649,1,0,1,0,0,1,0,1
5dad3dd9-6027-4867-b7e0-007d30615d0e,1,1,1,0,1,0,0,1
cfe8d435-21c7-49a6-b931-7106502bd69f,0,0,1,0,0,1,0,0
90f60acf-b03f-4644-b9d0-0f23bc5bd710,0,0,1,0,0,1,0,0
74a277b2-fc6d-4906-a8d7-15322536db7f,1,0,1,0,0,1,0,0
a9231ad7-45b1-4361-b1e0-dadd39e77243,1,1,1,0,1,0,0,1
8ac43058-ee33-4430-92c3-7da08e7601df,0,1,0,0,0,0,0,1
24f6fa21-0aeb-4f1b-9a76-4559ec6bc7e8,1,1,1,0,1,0,0,1
ddcb8604-06b8-47db-8cd1-58ac11511320,0,1,1,0,0,0,1,1
49bc73f3-9179-41cd-9774-905c7a3ac91b,0,0,1,0,0,0,0,0
61ff6dc0-8541-4062-b0f1-e39c348355f7,0,1,0,0,1,0,0,1
1f8a6714-37de-443c-833e-a3060c5720c7,1,1,1,0,0,1,0,1
d0759bc3-b7e0-47d0-ba39-f2c3faf131e1,1,0,1,0,0,1,0,0
2b1a14f1-8601-4403-8eee-a3aaa93f4d7f,1,1,1,0,0,0,0,1
4689853f-1332-4a17-8f25-d85813aba203,0,1,1,0,1,0,0,1
c8f76c16-8a2c-44c0-9399-476aa5ee99cb,0,0,1,0,0,1,0,0
3013e32d-9f64-4b90-b9b5-bb8eb88a4551,0,0,1,0,0,1,0,0
a8a8191f-6e8e-46a7-ab90-cca1423df82f,1,1,1,0,1,0,1,1
e770a9a0-ce26-452b-84a7-21add0fab3eb,0,0,1,0,0,1,0,0
7b2ee489-b52c-48d9-8049-12f197c16848,0,1,0,0,1,0,0,1
a0df02a6-1231-4cbd-a93e-48dddbfd6ef7,0,1,1,0,1,0,0,1
55cc601f-2424-4866-b1df-2173ea56f85e,1,1,1,0,1,0,0,1
905b834b-f498-40f0-a2ee-90008e5cd738,0,1,1,0,1,0,0,1
aa0e0f0c-8dc3-4494-868d-207df00748b3,1,0,1,0,0,1,0,0
4f0308de-0da5-48f6-91a3-6340d73846fe,0,0,1,0,0,1,0,0
51534812-68cc-4d3a-b63a-257317fe0e79,0,1,1,0,0,0,0,1
443d7665-0308-4b7a-bb06-dc109ad21e15,0,0,1,0,1,1,0,0
040360fb-f921-406c-8cc3-f91d934a01af,0,0,1,0,0,1,0,1
541bbc68-5628-43a3-9f83-49c7900c2e57,0,0,1,0,1,1,0,1
6d6a6f75-a3f6-4f74-8a4e-9d25811e583d,0,0,1,0,0,1,0,0
1a53e65d-deb0-473d-a8ee-61958a07b30a,1,0,1,0,0,1,0,0
cfc1cf4a-d782-4a0c-99b0-f79c22098191,0,0,1,0,0,1,0,0
9020fab6-013f-4028-a6de-e371511be436,1,1,1,0,1,1,0,1
0f5a5f5a-1260-4553-8bfb-5f9afd3f1efc,0,0,1,0,0,1,0,0
c3ac2c10-8d3b-43e9-a257-6bd9265977a2,1,1,1,0,1,0,0,1
420c1d3b-710a-4239-be74-58a9d024cd6f,0,1,1,0,1,0,0,1
6255ea9f-ad72-4f6a-afc6-555e99b94116,1,1,1,0,1,0,0,1
947a001e-d763-4574-a38b-d14115b90bf8,0,1,1,0,0,0,0,1
afa70f8b-9b60-4e0e-96cd-cb9881911a98,1,1,1,0,1,0,0,1
e39ab602-e7e3-4109-b855-98cd8f0cb671,0,0,1,0,0,1,0,1
9b008c3b-d2a9-4030-bc2a-0c145aa1a908,1,1,1,0,1,0,0,1
324f22ac-36c4-4b48-88f8-e561886a9423,0,0,1,0,0,1,0,1
a7787e8c-81e4-4125-a7b2-b3407a31ab41,1,1,1,0,1,0,0,1
3057e345-ef51-4a5e-95da-c6ec2c149b31,0,0,1,0,0,1,0,0
0cd1b07e-bed4-4165-8933-38be2581bae7,1,1,1,0,1,0,0,1
18b897d2-9e73-437c-aae5-c7f1ccd04fe3,1,1,1,0,1,0,0,1
351bc0d7-1288-4731-ab5d-432d16dcea76,0,1,1,0,0,1,0,1
d62c16c4-86c3-4e88-8986-2939f660c669,1,1,1,0,0,1,0,0
9f791139-36bb-4b71-9f8d-24ecf330c918,1,0,1,0,0,0,0,1
1787010e-b56b-4287-8930-56b643f3932d,0,0,1,0,0,1,0,1
5826f0da-130f-4e6c-b25d-d764752a4d5d,0,1,1,0,1,0,0,1
574f5c32-897f-403f-84c3-2aecb6589697,0,0,1,0,0,1,0,0
06abda3d-f0d2-4f55-aef3-62bf26d68238,1,0,1,0,0,1,0,0
5ac38093-6eed-4713-bef8-e38018e62a5a,0,0,1,0,0,1,0,0
21959564-ecee-41f9-b176-a8d8dd36b96c,1,1,1,0,1,0,0,1
d318f024-89dc-4cc6-9659-e19a35234a4d,1,0,1,0,0,1,0,1
7c36d487-7260-4306-bf17-98c58758e04b,0,1,1,0,0,0,0,1
94dabb8f-ce2b-40ce-b59e-06e424697b71,1,0,1,0,0,1,0,1
81927c82-dcf7-4037-9f48-270881426e8f,0,1,1,0,0,0,1,1
2387350a-846a-434e-8925-9f71b62e4532,0,0,1,0,0,1,0,0
0a36b079-2046-437a-93da-fadec7956ef3,0,0,1,0,0,1,0,0
f806c6d2-5e8d-4850-a587-8d0e5d129322,0,1,1,0,1,0,0,1
9323a42a-d6a4-41e5-85ef-d2ea7a80a536,1,0,1,0,0,1,0,0
d7b5ed68-1e6a-40b9-be06-ce34066ec84f,0,1,1,0,0,0,0,1
1474737a-e48e-4e72-84f0-fe4c53cc1d22,0,1,1,0,1,0,0,1
8e3f45e2-04c4-4a71-ab3d-e0b687d76450,1,1,1,0,1,0,0,1
52384726-f795-4239-b57c-202aa96482e3,0,0,1,0,1,1,0,1
62d2e33d-e1b1-43f4-956f-c9d069eaac66,1,1,1,0,0,0,0,1
21361b29-7532-4f4a-989a-69cc9bef9d63,0,1,1,0,0,0,1,1
982c68c4-9fbf-4f49-9321-22489ad21162,1,1,1,0,1,0,0,1
b4cb8ca4-ac81-457d-97ec-40f03e493b62,1,1,1,0,0,0,0,1
43a6dcb2-55ec-4929-bbf8-71fd66d67d6d,0,0,1,0,0,1,0,0
96e8d397-2caa-4bcb-a42e-390621c7d835,0,0,1,0,0,1,0,0
456f8456-df51-4ced-921a-e47745b464ab,0,0,1,0,0,1,0,0
945acbc6-cab8-4051-9312-be95943aabb5,1,0,1,0,0,1,0,0
460dcc4e-dec6-489c-9f81-823947a7d746,1,1,1,0,1,0,0,1
4e0c91ba-c7db-47cf-9b2f-31ec581c84fa,1,1,1,0,1,0,1,1
09c4929d-e6d0-44ec-864d-26a64972ec1b,1,1,1,0,1,0,0,1
9ec2d42a-1efa-4316-b84c-9eac4db13d73,1,0,1,0,0,1,0,0
edcf0c83-ddd7-41ce-85a9-b0b1693a89b5,0,1,1,0,1,0,1,1
028dfe31-957f-4ff2-ac86-1ef94d81c750,0,0,1,0,0,1,0,0
8c06e1e7-b9b7-432c-b469-a70068b540f7,1,1,1,0,1,0,0,1
3823751c-39cd-4b13-b751-13cecb14d34b,0,1,1,0,0,0,0,1
35a57877-0006-41c5-9387-1a1b4bc1dfcd,1,1,1,0,1,0,1,1
008b8716-e9c5-4d34-9460-1c391f15471a,0,1,1,0,1,0,0,1
775dccc7-7524-4ede-9601-5a22b66f67fa,1,1,1,0,0,0,0,1
426d097b-3e6a-434d-8ac3-c5508a402297,1,1,1,0,1,0,0,1
fc77fe91-ceea-437c-a039-9e7f3bdc070d,0,1,1,0,0,0,0,1
e2a44502-0847-4ba1-a0b3-0cbd101766db,1,1,1,0,1,0,0,1
b5da017d-265a-4c0e-b75e-e114ab86d8e0,0,0,1,0,0,1,0,1
c1e8e812-6253-41f8-b8f6-1cb07ad01562,0,0,1,0,0,1,0,1
d6b7b06b-d503-446f-af93-ab11087614e8,1,1,1,0,0,0,0,1
f9f6cecf-cf82-487e-a2b6-96a48667fde2,1,1,1,0,0,0,0,1
6ece7d7e-46c8-44d8-9729-06d9e32f8ef9,1,1,1,0,1,0,0,1
7b4f096f-64e2-4cbc-8da3-1d027e0d4fa0,1,1,1,0,0,0,0,1
779469eb-0b76-4897-a63e-bcb3db76ae5a,1,1,1,0,1,0,0,1
94a37795-5361-4c0f-9df4-ace9d734b8ee,0,0,1,0,1,1,0,1
49b8212e-4f7d-4624-869d-2423fc4dc71a,1,0,1,0,0,1,0,0
9c0b645e-b3aa-4dc0-8812-195683e0be5e,1,0,1,0,0,1,0,1
dcd3ba1e-9e38-43a6-8ad2-23b7c4bf00a5,0,0,1,0,0,1,0,1
656fc508-8bbb-4e75-9f64-3c40dc1436cb,0,1,1,0,1,0,0,1
4d0429e0-925f-4d6c-9560-7d5a5ea08a70,0,1,1,0,1,0,1,1
30d433ba-94ef-4141-9041-67964267febe,0,0,1,0,0,1,0,0
1262c6b2-0817-43ba-8f26-06cfc796115e,0,0,1,0,0,1,0,1
03b46561-289c-4d6b-b061-314d0ca94eaa,0,0,1,0,0,1,0,0
f78165c9-1a20-4d4a-b1ae-c27e647573ca,0,1,1,0,0,0,0,1
0f95e115-a5b9-4aab-8973-9f93d9be74d5,0,0,1,0,0,1,0,1
0372b6b2-ac3e-4474-9bd4-455ccb315ab6,0,0,1,1,0,1,0,0
6c1dd14f-00e7-489a-b9fa-307b36123ceb,0,0,1,0,0,1,0,1
d4294478-e12f-40c7-915e-03906ee555cb,1,1,1,0,0,0,0,1
15e3bd92-a88e-4dfd-a849-ccf60c378cf9,1,1,1,0,1,0,0,1
e5c9a118-1db1-4bb6-9312-dd68b98c0a5f,0,1,1,0,0,1,0,0
8dbf67ea-c372-4429-83bd-cfe4fdb7da75,1,1,1,0,1,0,0,1
6888caab-4bd3-4259-83f3-819cd3736a5e,0,1,1,0,0,0,0,1
45512c50-cf9d-411f-b511-c4168c87a7ef,0,0,0,0,0,1,0,0
67d192da-1454-42fb-8080-a398d377c208,1,1,1,0,1,0,0,1
d5f0e588-fa21-46fc-9e8f-2dba7d5901b4,1,0,1,0,1,0,0,1
780d9f3c-9a13-45d4-b840-f30e509e7237,1,1,1,0,1,0,0,1
5e29feaf-c3e9-4bd5-86ed-987135652f6c,1,0,1,0,0,1,0,0
f2d490eb-8c1c-43ab-8bf3-ad50b4da9367,1,1,1,0,1,0,0,1
ff3bd4ba-ed29-42f7-9869-e6fbfbbf1b62,0,0,1,0,0,1,0,0
cb56d6f6-1e27-4465-9a49-4c96148924be,0,1,1,0,0,0,1,1
28f8de39-c4d7-4939-b647-e9f81b7bfd85,1,0,1,0,0,0,0,1
8f667031-9d45-41ab-af27-cffa5ad0c382,0,0,1,1,0,0,0,1
2485a236-66cd-4743-9671-d01cc014e3c4,0,1,1,0,0,1,0,1
fc70bb75-f45e-4098-beb7-d88fcabf3474,0,1,1,0,1,0,0,1
63f057ad-2f84-49ff-b5b3-a23a5427c4f0,1,0,1,0,0,1,0,1
44525d0d-e7a2-4a36-9240-9a7f6696d6b8,1,1,1,0,1,0,0,1
d3745e8a-ee89-45c8-854e-22869c345245,1,1,1,0,1,0,0,1
a1c3be19-2e19-4d59-b3e5-865870c1277b,1,1,1,0,1,0,0,1
49eda562-b8e2-44e7-8f5d-3c63bbda4824,1,1,1,0,0,0,0,1
c2a9b7db-2594-4356-98e0-244f7495b7b8,0,0,1,0,0,1,0,0
332d5090-685b-47d4-a269-9d8fc63bfc51,1,1,1,0,1,0,0,1
71b1424d-3131-47a1-ae4a-eab67c8c3057,1,1,1,0,1,0,0,1
f436eb92-d5b1-4ab1-bba7-434f4820ba46,1,1,1,0,1,0,1,1
b6c2cadd-3d99-4b0f-a2b0-a3364b5bbfed,0,1,0,0,1,0,1,1
c83f2fda-e1bc-4e84-a40a-a8eacd5dbdf8,1,1,1,0,0,0,0,1
bc06e8fd-6f99-44fa-89cf-c64f97229568,0,1,1,0,1,0,0,1
dcbe399e-7a4b-4348-84b3-70f473b0dc73,0,0,1,0,1,1,0,1
caeaa5fa-c430-44bf-84ed-799e317e6870,1,1,1,0,0,0,0,1
a7e7e3dc-dd80-4d0d-9638-cecd41cb942c,0,1,1,0,1,0,0,1
649de89c-26b5-49fd-a5e9-008b91f14ad8,1,0,1,0,0,1,0,0
98063d44-2e3c-4529-8183-038d8319b05c,0,1,1,0,1,0,0,1
db07322a-fa30-4473-beec-6c617478a3e1,0,1,1,0,1,0,0,1
038ab241-1794-4216-a2a1-d66af546840f,0,1,1,0,0,0,0,1
979da6c4-86f9-4a09-964b-87dd7312c3cb,0,1,1,0,1,0,0,1
7adba625-2a5a-471b-83ba-38e7741ec20a,0,1,0,0,1,0,0,1
d06e405e-8fcb-46a7-9f38-a38df45e53cf,1,1,0,0,1,0,0,1
d8fe4337-dddc-45f6-b0f3-ab6b3f1da8a8,1,1,1,0,1,0,0,1
105b7152-9f2f-4055-83fa-8bf1e99d9d60,0,1,1,0,1,0,0,1
2f0c62c2-045d-4798-a3a9-d884667faef5,1,0,1,0,0,1,0,0
2e997c08-6c51-4c92-82c6-4cfdee9cab3d,0,0,1,0,0,1,0,0
40e1ec31-af5c-477a-8ba7-d3ca1d63ed03,1,1,1,0,1,0,0,1
32188cbd-e25b-4956-82bc-5801d02c966d,0,0,1,0,1,1,0,1
d2b50f0d-6341-4fa2-9c69-9b242bb61f6e,0,0,1,0,0,1,0,0
9b34a22c-93a4-4f7e-9e69-7265a2df5867,1,1,1,0,0,1,0,1
d5ca69e5-3bca-49c4-a3b2-bab7aaa45aa8,1,0,1,0,0,1,0,0
f4f70b64-4366-4ab9-bcf5-ebae61c02c97,1,1,1,0,1,0,0,1
b5d47d1c-a9af-423e-95b3-a8c005eab2d9,1,1,1,0,0,0,1,1
1cae7b28-ee07-43c1-a351-741445ca3246,1,0,1,0,0,1,0,0
b91734d1-2dcc-4c43-8995-4cff54cb17e8,1,1,1,0,1,0,0,1
03502c45-b28f-4bc7-a234-e9df7c6bd10c,0,1,1,1,1,0,0,1
3049e206-e69b-440f-86a5-4efface0a11d,1,0,1,0,0,1,0,1
eb80088a-3146-4d03-8efc-57af078bcdfe,0,1,1,0,1,0,1,1
bfc2b397-16f0-497a-bac0-8bb0f10b4e83,0,1,1,0,0,0,0,1
af08d478-357c-4431-8436-d213f1fa9e4b,0,1,1,0,0,0,0,1
e1cb9efd-528a-4bc4-8ec5-c787681ecc59,0,1,1,0,1,0,0,1
02f79cef-f44a-44f1-b8f5-7bc50e20661c,0,1,1,0,1,0,0,1
9763b718-d472-4c9a-b5df-63de8a57a196,0,1,1,0,1,0,0,1
a12fec0f-9744-4f20-900f-70a7aa2154ef,1,1,1,0,1,0,0,1
bd164373-3ac3-45bb-a388-78c8a2fc7e26,0,1,1,0,1,0,0,1
29ffa76d-a8f2-42d3-98c2-24abd32054c3,0,1,1,0,0,0,0,1
68959af1-44ca-49a3-99bb-69129c1463f1,1,1,1,0,1,0,0,1
9cbf850a-f9ca-4cb3-b39b-640575054793,1,0,1,0,0,1,0,0
96127d78-37c6-4424-9db1-dd8d57d037f6,1,1,1,0,1,0,0,1
d8515eca-f3d7-4854-a104-f9ff5a4cc1dd,1,1,1,0,0,0,0,1
5829ca6c-6104-4ab9-be25-24eae2a09f2a,0,1,1,0,0,0,1,1
74f295ce-8f2e-4223-a10b-67527838fd4e,0,1,0,0,1,0,1,1
15512cfb-1722-441e-95d1-8f94af29b85b,1,1,1,0,1,0,0,1
09e7c346-db69-4d30-a2df-bb5875acc7e5,0,0,1,0,0,0,0,1
73c4951c-3049-4e3a-b1b0-21b2af8137ce,0,1,1,0,0,0,0,1
656c2447-7521-4c43-9085-d5924b3e26b0,1,0,1,0,1,1,0,1
da12a890-bec4-4130-9bd4-51670485a6e0,1,1,1,0,1,0,0,1
4cdf3066-340d-462c-9349-0031f0353376,0,0,1,0,0,1,0,0
04a52be3-33cd-4e6f-86d0-7ca6102445ce,0,1,1,0,0,1,0,1
54e6c46d-6965-401c-9bc9-293db231647b,1,1,1,0,1,0,0,1
65c45865-2800-452f-919c-6cba99de7f19,1,1,1,0,1,0,0,1
9b2d651d-95b5-4584-94c4-dbc3ea6d3524,0,1,1,0,1,0,0,1
47abc476-6152-4dec-9ffd-612bfc60213c,0,1,1,0,0,1,0,1
461d843e-32bf-4f83-8d32-ced2c689b6e7,1,0,1,0,0,1,0,0
cc5fd7c7-d208-4348-8ab1-20e8eaf7217d,1,1,1,0,0,0,0,1
a1ff7d24-e6e8-4142-9c38-6099e0eeac96,0,0,1,0,0,1,0,1
808a9eb4-7bd7-45df-9690-4880d05a418f,1,1,1,0,1,0,0,1
45190221-b151-4630-ac17-945f8adb8562,0,0,1,1,0,0,0,1
59811504-49ff-48ae-af4a-de24d0ae9661,1,1,1,0,1,0,0,1
d0336a01-60a7-4ed8-8417-3070a42c21f4,0,1,0,0,1,0,0,1
bc8f7a86-f54a-4ab7-9e69-b30a27ffc290,1,1,1,0,1,0,0,1
f6e95726-6fb0-4c70-9d57-7d990711d542,1,1,1,0,1,0,0,1
abe90c7a-5fbe-4dde-ad2c-23098edeb332,0,0,1,0,0,0,0,1
cee9ae7e-2122-425e-b715-eb8dcc817f91,1,1,1,0,0,0,0,1
6e9d6e8e-d402-49cf-8186-e6ca7c942408,0,0,1,0,0,1,0,1
1f057eae-9870-4a9d-be54-4dbfc80285ad,1,0,1,0,0,1,0,1
8b1eb203-205e-475a-a389-55d2d60e4fce,1,1,1,0,0,0,0,1
19e6a8f1-adfa-4383-afcd-900841c8306c,1,1,1,0,1,0,0,1
6d0adde1-6101-44b9-827e-fc665ec5d222,1,1,1,0,1,0,0,1
91a61fa3-d991-455c-8f57-73865c3ba4b7,0,1,1,0,0,0,1,1
14c38f7f-874f-4ca9-be9d-527e81cc8264,1,1,1,0,1,0,0,1
175fd688-6acb-4b82-b37b-6842807bcde7,0,0,1,0,0,1,0,1
d9a6141f-c1f3-4b56-9fbb-0189b2c38396,0,0,1,1,1,0,0,1
dcf9fc9e-309a-4b50-b4dc-e31609b1c25f,0,1,1,0,1,0,0,1
454e6a82-b2d6-4596-a837-4348c7da8105,1,1,1,0,0,0,0,0
6f40ec57-0ba4-4e2a-8170-8531d75a44f7,0,1,1,0,0,0,0,1
baab81db-582c-4985-80e7-32cc843aa0ef,1,1,1,0,0,0,1,1
91730f6a-6b89-465a-a8b0-6c8fd10ee38e,1,0,1,0,0,1,0,0
939eb247-584f-495a-af49-f9b5736ab228,1,1,1,0,1,0,0,1
adb5dbad-fde8-4a91-889e-3e6bccb5d628,0,1,1,0,1,0,0,1
7ac98f2b-e16e-4a6b-8aa4-3024c3852467,0,0,1,0,0,1,0,0
60548b72-a579-4c64-b0c1-885ab7353e80,1,1,1,0,0,0,0,1
0e7e9483-d887-4d07-a4d0-630600ff9b9c,0,1,1,0,0,0,0,1
234974a2-d74b-4c41-9ff0-47047343444c,0,0,1,0,0,1,0,1
20e41aa5-c9c6-4517-9086-bc99ddfc545d,1,1,1,0,0,0,0,1
cccd73f3-4d3d-4e07-83bd-50f1707ab84e,0,0,1,0,0,1,0,1
5bb8fc1c-4afc-4079-a959-b049482a9da1,1,1,1,0,0,0,0,1
39b99f89-b883-46d8-b585-f744286bf2e1,0,1,1,0,1,0,1,1
5320fa7d-93fe-4864-9bc0-e7fa59ea9d51,0,0,1,0,0,1,0,1
b53822de-d3f1-4b7b-9858-fe7901dd02a1,1,1,1,0,1,0,0,1
3c6988da-5964-4aae-8706-13a62651a3cd,0,1,1,0,1,0,0,1
420c307c-3564-4564-a1e5-3e9d65e5e3f2,0,1,1,1,0,0,0,1
f1736cb1-88b3-47f9-8060-e0c0304f520b,0,1,1,0,1,0,0,1
4bff7e6d-26a2-4729-b263-2606c257350e,1,1,1,0,1,0,0,1
fa543d6e-0109-49f6-95d6-4a92859c9480,0,1,1,0,1,0,0,1
e875b1b6-d343-4a58-af33-592dac00c521,1,1,1,0,1,0,1,1
78a8363c-90a9-437b-bd90-4cd8ee264956,0,0,1,0,0,1,0,0
8dc83082-590b-42f0-9230-1f507bb62abf,0,1,1,0,1,0,0,1
22d2ef02-21eb-42b2-a804-de86deb37f90,1,1,1,0,1,0,0,1
decf0b21-c086-4efd-80d9-97077eefcc0a,0,1,0,0,1,0,0,1
3683017f-7e5f-4570-b85b-8f5bf23d6fa1,0,1,1,1,0,1,0,1
858c7eca-cf1a-4996-ae8f-d412ad008c3b,1,1,1,0,1,0,0,1
21b9163f-328b-46d3-893c-81d4349e4d2f,1,0,1,0,0,1,0,0
a6025873-4ac9-4aca-b281-96c7de2e7e0d,0,1,1,0,1,0,0,1
0e03fded-dd36-4ec5-bd9b-bdf35bcee44e,0,1,1,0,0,0,0,1
b8d67b03-2df9-445b-8a41-74fdd8909c82,0,1,1,0,0,0,0,1
fe049b3a-cd33-4a65-96fe-92c032416c9f,0,1,0,0,0,0,0,1
1aba05ba-daaa-45f7-8f1d-5b3abf3ccb89,1,1,1,0,1,0,0,1
0db96a92-0687-40ec-9e79-bfa400331c21,0,1,1,0,0,0,0,1
d89fe604-0dbc-4776-8e54-dbe01c9a281a,0,1,1,0,1,0,1,1
45cf148f-86ba-4ce3-95ce-b93a1fdd3ff1,1,0,1,0,1,0,0,1
0ddfc73b-3e37-44ed-ad8a-8968d3451143,0,1,1,0,0,0,0,1
7cccf854-ac2d-4695-81cd-3e861f1447d4,0,0,1,0,0,1,0,0
b2748be3-24bd-4101-8c02-05555663447c,1,0,1,0,0,1,0,0
75d8f423-46bf-4835-ae23-373084c8e0ae,0,0,1,0,0,1,0,0
f2a9b363-e4cc-4f06-b890-a583cb88d53c,1,1,1,0,1,0,0,1
de286d32-eee9-4a1f-b18d-d4762759e596,1,1,1,0,1,0,0,1
a9ebe285-4c9a-41e9-ae30-b0cdd46503be,0,1,1,0,1,0,0,1
310629d1-2214-43ef-9acc-0429a87f62b7,0,0,0,0,0,1,0,1
bd9e8de4-d7d7-4fd6-9ee2-782da3776978,0,0,1,0,0,1,0,1
c7b5a475-2d3c-4149-8331-02e597cddc11,0,0,1,0,0,1,0,1
a67ffa35-a19c-48b8-b89a-29916dcb3279,1,1,1,0,1,0,0,1
3f97f2f8-a91d-4f90-89b3-0f0013bab2cb,0,0,1,0,0,1,0,0
781a97ec-6963-4eeb-9214-d33ee55e328a,0,0,1,0,1,0,0,1
26de9ab9-df98-4630-aa16-8822c590e6af,1,0,1,0,0,1,0,0
48cb08ec-1218-4e41-83ad-b136faa96833,0,0,1,0,0,1,0,0
b4d8e8cc-a53e-48f8-be6a-6432b928a56d,1,1,1,0,1,0,0,1
afc5b80e-cde4-40b6-ac66-9bca8bff8970,1,1,1,0,1,0,0,1
ba9b9966-d09b-42cf-8992-8bb3b0859251,0,0,1,0,1,1,0,1
6c0ca07d-4ac3-454c-9d65-c60c81fc8f47,0,1,1,0,0,0,0,1
7cad342a-ffa6-4596-86d4-31e581425073,0,1,1,0,0,1,0,1
57aa9965-def2-4ced-b8da-20b523ceea7b,1,0,1,0,0,1,0,0
a0246fa1-5347-445b-8d5a-731a5fd0f8a0,0,1,1,0,1,0,0,1
b58b33c5-b2c4-47e9-bcbb-045ac6d52b20,1,0,1,0,0,1,0,0
521245eb-1dca-460e-a366-24318e1a3b70,1,1,1,0,0,0,0,1
2db19492-2a45-4859-8542-2bb6bc5dfb96,0,0,1,0,0,1,0,0
63871b2d-2352-4e84-99ab-1c07e71528de,0,1,1,1,0,0,0,1
947605a9-018e-44da-b61b-4f1e64b006a8,0,0,1,0,1,0,0,1
16f6be2e-b197-4b54-b80d-3b199ade6fa4,1,1,1,0,0,0,0,1
45933616-553e-4edf-998e-ca82a2d0fdc5,1,1,1,0,0,1,0,1
da3e378e-ba27-4a13-a482-dc8351c0860a,0,1,1,0,0,0,0,1
9e59531f-f1d3-46d2-8165-86fab96ea6d2,1,1,1,0,1,0,0,1
32469746-d41e-4e1f-b874-9d2445350552,1,1,1,0,0,0,0,1
498a337e-b2f8-423a-9970-c100670d8292,0,0,1,1,0,1,0,1
fed885c6-edd5-492e-841a-e298b441c4d2,1,1,1,0,0,0,1,1
49d5f2bb-a4f1-4072-9458-a81d45036fd1,1,0,1,0,0,1,0,0
1695b141-31d8-4843-ab5c-e5f7954ed34e,0,1,1,0,0,0,0,1
b3a46a62-2de3-4bae-9391-a62c301c5ded,0,1,1,1,1,0,0,1
3caebd7d-cb5c-41ba-bff5-d47e9623d1d2,0,0,1,1,0,1,0,1
10498868-5710-4bf9-8828-eecab0d52c76,1,1,1,0,1,0,0,1
dabcada6-0760-4453-9875-ae493b8402f9,0,1,1,0,1,0,0,1
67eec7bb-9d10-41d8-9332-258f27c411a1,1,1,1,0,0,0,0,1
e2d9aac5-1175-4d1e-90f6-949f8330ee20,0,0,0,1,0,0,0,1
e4e5dd30-67a4-4749-b13f-78eec31799ca,0,1,1,1,0,0,0,1
d7e0e058-8521-46e6-9131-33266cdd3ae7,0,1,0,0,0,0,0,1
b165059a-1cce-46c5-9903-74f78a2ab734,1,1,1,0,1,0,1,1
faaaae96-159b-478d-b2f6-8db8af46ee97,1,1,1,0,1,0,0,1
337081f1-5fc6-437f-af7b-aae7aa13a543,1,1,1,0,1,0,0,1
c864bbf3-3b4f-48ef-bba2-d2e80593edf6,0,0,1,0,0,1,0,1
a4b9005d-daf5-4f5a-8415-51ce01788843,1,0,1,0,0,1,0,0
c9321ea9-c4fc-4467-a2d8-fe7fc438e95f,0,0,1,0,1,1,0,1
aae88d1b-58b6-4f24-bb18-fb444abe7e88,0,1,1,0,0,0,0,1
dec5fc61-d11e-4791-bb0e-4047f0f2d42d,0,1,1,0,1,0,1,1
9f86d07a-37f4-4ee2-b28a-1c19f2e9f4d7,1,0,1,0,0,1,0,0
2ad7ea38-c9c0-4e59-8425-be48e12dc85d,1,1,1,0,1,0,0,1
857d490a-0a72-4823-aebd-676e1338e7d7,0,1,1,0,1,0,0,1
ac9c1b28-d489-4f17-80f5-0070faaa9a39,0,1,1,0,1,0,0,1
62f26567-b097-4485-9c60-079784574767,1,1,1,0,1,0,0,1
9065a0e1-a47a-4a6f-93cc-4d55d3fe34e0,1,1,1,0,1,0,0,1
71399fb0-13e4-4554-801b-ca295f648d5c,0,0,1,0,0,1,0,0
0a4418d6-0458-4281-ae0e-078aca10c319,0,1,1,0,1,0,0,1
3e7906ff-22c2-4314-b0a1-48189aa54468,1,1,1,0,1,0,0,1
c9d4676d-14fb-4c53-8822-a0475dce0c49,1,0,1,0,0,0,0,1
6fc1f352-8236-40e5-ab0b-d6c7f766aaa1,0,1,1,0,1,0,0,1
1931010a-300e-4c2c-b531-2fe07961dbdc,0,0,1,0,0,1,0,0
690c0c35-9748-4252-ba5e-37b6f02c9251,0,0,1,0,0,1,0,1
f13fbccc-b953-499c-9a10-8d757aee89b7,1,0,1,0,0,0,0,1
c6033def-7ba4-4545-9291-126458a6b1c6,1,1,1,0,1,0,0,1
83867e31-a805-4d96-93c0-f9b41342fbf0,0,0,1,0,1,0,0,1
f69a4bd3-0623-437e-a558-aa6f9362576f,0,1,1,0,1,0,0,1
89139095-577c-4ae9-940d-9f3b6f96dfcc,1,0,1,0,0,1,0,0
505235ba-6519-4558-ac0f-fb8adf7e1307,1,1,1,0,1,0,0,1
589dc7c8-a260-4b96-b091-b53876c5401d,1,1,1,0,1,0,1,1
46f524b7-c3c0-41f5-b0de-9b7d5033a39c,0,0,1,0,0,1,0,0
f767f555-93e8-4f14-ba95-b1f8ef1dea65,0,1,0,1,0,0,0,1
e197e7cc-ee59-465d-9526-0d68ea9aac2a,1,1,1,0,1,0,1,1
42fec5c6-f6d5-445b-91fa-91e60e644cd2,1,1,1,0,1,0,0,1
2f62007f-c634-42ab-a353-f6b6c43234ac,1,1,1,0,1,0,0,1
bc38dc94-4efd-43a7-876d-21058ea4ef8d,0,1,1,0,1,0,0,1
cd8f5757-6a0b-4682-b648-50f28643a79b,1,1,1,0,1,0,1,1
190dc49c-f4fe-4ed1-962c-c49849f99c36,0,0,1,0,1,1,0,1
c1cdb72c-ea58-4f31-8ce8-3fc0a7ebc45f,1,1,1,0,1,0,0,1
ad0db03a-e098-4dd5-8ca9-2faa025c8faf,0,0,1,0,1,0,0,1
b6e28f2a-396b-4a66-afec-763496006024,0,1,1,0,1,0,0,1
7ef07280-bff6-44e9-973f-012aa1b5b614,1,0,1,0,0,1,0,0
2ae831a2-98d7-432f-85ea-2b117864f873,0,1,1,0,1,0,1,1
2d831e1e-35d7-498b-972b-efd7b1113276,0,0,1,0,0,1,0,0
7feb12f5-73ea-4e7c-8713-2b749f372d8a,0,0,1,0,0,1,0,0
d9ff665d-1318-48ba-9950-4cabca2d1648,0,1,1,0,1,0,0,1
c00ee323-2530-4af5-bc84-0dbd4682b326,0,1,1,1,0,0,0,1
52fdeefb-b04b-4311-9dd7-473b404b62ce,1,1,1,0,1,0,0,1
b3fa4074-1070-469b-a7db-0984c427ecfb,0,1,1,1,0,1,0,1
7e1e99c6-b3d9-4634-b49b-f8005374434f,0,1,1,0,0,0,0,1
d7ad15e3-85bd-4cc6-a5b3-0eb0fa121577,1,1,1,0,0,0,0,1
71932937-5835-47e9-bebf-f8b17363e929,0,1,1,0,0,0,0,1
69454bab-30e6-49a4-b882-9eabd463effa,0,0,1,0,0,1,0,0
4149af48-4890-4621-b4c8-962aab05ff90,0,0,1,0,0,1,0,0
18dea021-bd0b-435a-ba12-32902dd7cc5c,1,1,1,0,1,0,0,1
bf8c0b99-ea46-49a5-aaeb-810a85d61e7f,1,1,1,0,0,0,0,1
8df573c1-3483-4194-955b-f544fc47e255,1,1,1,0,1,0,0,1
17128dfc-6b2c-4bbd-b466-b7ce377aa594,1,1,1,0,1,0,0,1
70c2eaed-54ef-49a5-9fae-c28efdabe369,0,1,0,0,0,0,1,1
43123f5c-4fba-409f-a096-2fa6978bfefd,1,0,1,0,0,1,0,1
6eb6e209-94d1-4a41-86de-f70ef048cd44,0,0,1,0,0,1,0,0
7231fc95-161c-4c4d-951b-d90488feb571,0,0,1,0,0,1,0,0
06d87b37-95ee-403b-ba0d-e16ec09b8062,0,0,1,0,1,0,0,1
bbcb4968-1246-404b-93b0-b8e057fa445b,0,0,1,0,0,1,0,0
c3f3ae0b-ad74-4ca3-b441-84244ae96927,1,1,1,0,1,0,1,1
9e6078b5-1d77-47c7-b4fc-ba48eec786f0,0,0,1,0,0,1,0,0
e9ad07cf-a530-49d0-8d80-a18e749401c2,1,1,1,0,0,0,0,1
48ede13e-c783-42a2-a95b-8abc02c24cea,0,1,0,0,0,0,0,1
992260a4-f7c6-4438-9ae6-0804d5827761,0,1,1,0,0,0,0,1
86ce7d1a-2e90-43fa-be3f-65a080ff2acb,1,0,1,0,0,1,0,0
f43810f2-a1c8-4816-9746-9c9fd56ccb17,0,0,1,0,0,1,0,1
c823b7a2-cfa5-4709-bcc5-ced932b3c78a,0,1,1,0,1,0,0,1
5bafa2df-bdd5-41fc-b23d-1a8bac9f2e35,1,1,1,0,1,0,0,1
61d8c4da-903f-4896-bb90-6c4c31056977,0,0,1,0,0,1,0,0
2171d8e7-8f41-4be9-b3ec-9b726b65d0fe,1,1,1,0,1,0,0,1
6de31e02-6976-42ba-a2d0-ca21700ff282,0,1,1,0,1,0,0,1
a8c57a33-4c18-4474-91a5-e86ce7ee2f50,0,1,1,0,1,0,0,1
f8b51c5d-3fba-4072-b18f-582ea12a6266,0,1,1,0,0,0,1,1
68a98aea-6b28-472d-944f-1b08bf9f9751,1,1,1,0,0,0,0,1
114cf8aa-c508-40fa-b4e0-7c71158a5f23,0,0,1,0,0,1,0,0
e0be0919-51ed-4ef7-8097-616b7677a8ea,0,0,1,0,0,1,0,0
bc113125-e551-4543-bb4f-af93e69b9d39,1,1,1,0,1,0,0,1
108b919c-4dc0-428a-aa01-874dcfa15086,0,0,1,1,1,0,0,1
673e2b0e-ea85-491d-832b-88112eb3c7d2,1,1,1,0,0,0,0,1
ded99305-698d-4576-a80a-ab688ded7b76,0,0,1,0,0,1,0,0
0c6ef77f-b5d3-4e38-af5f-dd4339b202c8,1,1,1,0,1,0,1,1
29e69c6c-c595-45e9-b18e-474ce786c099,1,0,1,0,0,1,0,0
31bc3a2c-305d-4125-8670-b830d01b883a,1,1,1,0,0,0,0,1
a536da4c-c302-4ed9-ae27-b8608179fd72,0,1,1,0,1,0,0,1
debd635d-8518-401a-bafb-b30bab8607fb,1,0,1,0,0,1,0,1
944d82f8-975a-4094-8c66-d8f95ad2688f,0,0,1,1,0,1,0,0
cf58502d-6516-41fe-9714-6f812b550930,0,1,1,0,1,0,1,1
ef4971dd-792c-4b4d-b56c-f8caf4efb47c,1,1,1,0,1,0,0,1
c89be0fa-0102-40f9-83a7-8e43a7c7e8a9,0,1,1,0,1,0,0,1
6c912208-0e22-49f6-86c5-58a53e656730,1,0,1,0,1,0,0,1
c13aaab2-7d70-4aed-a5cc-3ed1318f7b00,0,1,1,0,0,0,1,1
7707abe7-451c-4710-be08-2f4bce6f5c79,1,0,1,0,0,1,0,1
c9e6cf85-cfba-43f1-8400-854ed60509c8,1,0,1,0,0,1,0,1
56539c4b-e87a-4145-96f6-0d6b7bd5c388,0,1,1,0,0,0,0,1
b1cf2c4e-ab6d-4bdf-81f7-9cbcd65c0c01,0,0,1,0,0,1,0,1
cddf3479-ca01-481e-9f03-8b738e6bad13,0,0,1,0,0,1,0,0
1b437572-6ddd-421e-88ec-cbbfca5aba6b,1,1,1,0,1,0,0,1
1b7eeb1b-fcff-44ef-9b76-bfc19954d357,1,1,1,0,1,0,0,1
af2f9ca2-1729-480c-af11-8c3f3aa59621,1,1,1,0,1,0,0,1
b058cfa6-deed-4150-be55-92aad84588b6,0,0,1,0,0,1,0,0
161b173d-a53c-4abe-adce-3c850cf3948a,1,1,1,0,1,0,0,1
8d1fb75b-c02e-41d5-bdef-1658ebe49800,1,0,1,0,1,0,0,1
b9dc27b2-eb6f-4702-838f-192df08a95ab,0,1,1,1,1,0,0,1
777a8d2e-e796-44d1-b4aa-55d9785ddfa5,1,1,1,0,1,0,0,1
a0f52f36-0e25-4696-9a6a-defcda8b7a52,1,1,1,0,0,0,0,1
26b1e939-008c-4284-b829-055c3dfc2d80,0,1,1,0,1,0,0,1
d5b97d0d-3166-41f3-8e5a-af656fbb5118,1,0,1,0,0,1,0,1
bb75c2ca-787b-4ed4-a39e-0e30ef3a3b1d,1,1,1,0,0,0,0,1
4f629647-3322-4010-8340-f8e3cdd0d350,1,1,1,0,1,0,0,1
d808c2a2-bc81-4f37-a9b1-4bf162342758,1,1,1,0,1,0,0,1
7f3a90a5-4af7-415a-b35c-50fc5a3017a0,0,1,0,0,1,0,0,1
51197076-5b00-47fd-ab8e-2cdd77cf8fbc,0,0,1,0,0,1,0,0
f781d29b-9aaf-45d6-b8ed-3d508aa957d6,0,0,1,0,0,1,0,0
34327de8-d582-4ca9-8b46-4e3b842e985b,0,0,0,1,0,1,0,1
0602a71a-e469-495d-b04e-1c18f5596aab,1,1,1,0,1,0,0,1
ffc8ecb1-2d81-4c4f-8242-4f55ad32938f,0,1,1,0,0,0,0,1
527fc5f4-8d3a-4df2-83f7-4667099c9599,0,0,1,0,0,1,0,0
35b00bab-915e-49c7-b727-811b12807779,1,1,1,0,1,0,0,1
cc1adc69-075f-427c-a981-6f0c07a8ca8f,0,1,1,0,1,0,0,1
dfb3ef80-35ee-47fa-91a2-225cb5922fb2,0,1,1,0,1,0,0,1
457d20d3-a902-4701-8183-f753f72f05e0,1,0,1,0,1,0,0,1
2440d821-3640-4035-ba72-ecce8a6172bc,1,1,1,0,1,0,1,1
94d2bd76-d9e0-4b1d-be8d-9146f98f4d54,1,0,1,0,0,1,0,1
23e82373-dbca-45cf-a3c3-fb82ecdc0725,0,0,1,0,0,1,0,0
18a4f138-9ae3-46e7-9569-30423966eba3,0,1,1,0,1,0,0,1
380a8148-e623-4a1e-941e-2e99a5f61a74,0,1,0,0,0,0,1,1
20c7d1e9-cc00-496c-8957-504092d5ca02,0,0,1,0,0,1,0,0
5ff85e92-f5d3-4069-abbd-7433663cd4e7,1,0,1,0,0,1,0,0
aaf450da-0019-4b2c-97ab-39cefe95d357,1,1,1,0,1,0,0,1
097e84be-4d64-4578-8a7b-843b01217179,0,1,1,0,1,0,0,1
b1ae21ea-e161-427e-b29a-cace8894bcc3,1,1,1,0,1,0,0,1
9f84c3e7-dd0a-46b1-8f84-a34f53f12d02,0,0,1,0,0,1,0,0
1f8bddcb-211d-48c6-b2b1-93f84f0acdae,0,0,1,0,0,1,0,0
b91cfad7-e68a-46c6-9624-2e12af2e86ea,0,1,1,0,1,0,0,1
40765b90-2a85-43df-94e6-6416d360c60f,0,1,1,0,0,1,0,1
ce2c15f5-317d-4323-b464-ba2c588a0d36,1,1,1,0,1,0,0,1
060133f8-0f1e-4f3b-99a8-7393e7ed8955,1,1,1,0,1,0,0,1
9f7769e7-0ce9-4e16-b6ba-6e4dc6cd990b,0,1,1,0,1,0,0,1
ecdfc924-7011-4243-9ba9-e1f376066800,0,0,1,0,0,1,0,0
c464e00c-88bd-4c4f-b5ac-505d54acb653,1,0,1,0,0,1,0,0
a097c489-6d38-482d-98db-554eaaab26c7,1,1,1,0,1,0,0,1
18e33b26-580d-4a30-a086-213c09c99f83,0,1,1,0,1,0,0,1
2763bc7f-7408-4c7a-9a83-0048c4f197dd,1,1,1,0,0,0,0,1
0cddf3bf-f3ce-4e63-a203-4cc72d620f0b,1,1,1,0,0,1,0,1
aa9c4ce5-5ef0-4995-839c-e5fdfd0f2cc6,1,1,1,0,1,0,0,1
724c41ff-9300-47cb-942e-7fe2dcb034dc,1,1,1,0,0,1,0,1
a2ebe1ad-1af8-4bb0-af07-b5a2a2a9564c,1,1,1,0,0,0,0,1
41596f5b-37fc-448a-846b-bd94b39e3a75,1,0,1,0,0,1,0,0
7e5e7032-3ab0-424f-aaad-a690a9bd1ee3,1,1,1,0,1,0,0,1
68f261dd-5980-4f69-afd2-20ffe32a7751,0,1,1,0,1,0,1,1
68c2c076-e1d4-4c35-b41c-3f3df3b7a9d2,1,1,1,0,0,1,0,1
34826948-9320-4155-aa6e-dd6ad31a8eb0,0,0,1,1,0,1,0,1
096dfd74-6114-4bd4-b1e4-f6e914d503dc,0,0,1,1,0,1,0,0
98b95624-f9ec-4a52-8447-f6ecabf68fa7,1,1,1,0,1,0,0,1
611548e8-d189-436a-9152-7ad339afe73a,0,1,1,0,0,0,0,1
1ac56f5b-6bfe-493a-bb05-dacf47cf110a,1,1,1,0,1,0,1,1
0fd0bbdf-688e-4879-8f9c-64a238e89b0a,1,1,1,0,0,1,0,1
ae965ed1-e00e-406a-b262-2fc91d44855b,0,0,1,0,0,1,0,0
9399c876-d3b8-4871-a358-f995c2d37efa,0,1,1,0,0,0,0,1
350b24ae-ab6a-4029-95fc-45997b43803f,0,0,1,0,1,0,0,1
796ead00-34e8-40f8-a4ba-e53ef51dd251,0,1,1,0,1,0,0,1
d7b37998-c186-4b6d-92c6-1a3dae0330bc,0,1,0,0,0,0,1,1
e177d023-c664-4cd6-8bd8-8d252a08c604,0,0,1,1,0,1,0,0
f13709b0-f76b-4429-aa45-251894e4a716,0,1,1,0,1,0,0,1
a91c3b85-2798-483e-8b4b-77681b998167,0,1,1,0,1,0,0,1
e1b347c1-df0b-4857-89c9-6f304573e176,1,1,1,0,1,0,0,1
bad58b6b-0265-4b42-9896-874192d8e0da,0,1,1,0,1,0,0,1
ad9bf40f-64e7-459d-afa6-6a806e5ce513,1,0,1,0,0,0,0,1
46bdafd7-5547-41d7-bcd9-413d3913f22e,1,1,1,0,0,0,0,1
10465166-29d9-4fa1-9306-68fec06ca496,1,1,1,0,1,0,0,1
13ed3c76-0416-466d-be32-7ff02cf682c9,0,0,1,0,1,1,0,0
2dd92f98-c364-4bb2-b6d5-808739b8f691,1,1,1,0,1,0,0,1
522de690-d342-489c-b4ca-6ae2caf93e49,0,1,1,0,1,0,0,1
7a700962-2ce9-40c2-bfba-4cf32eb7bc92,0,1,1,0,1,0,1,1
03502968-dca7-41af-8224-e59548044422,0,1,1,0,1,0,0,1
4ffdb6e5-6c80-4a4a-8652-b1b962105be2,0,0,1,0,0,1,0,0
c60bdfd4-a671-4283-8cba-295456326b09,0,1,1,0,1,0,0,1
19d799c4-1b16-41eb-8ca6-0d634dcee611,0,0,1,0,0,1,0,1
53759785-da56-4378-bb72-ccff6c0426f8,1,1,1,0,0,1,0,0
f6a6d79d-644e-4543-a226-ba9ed665c008,0,1,0,1,0,0,0,1
cfc9f19e-6e2c-44e3-9e33-f1eafc43ddfb,1,1,1,0,1,0,0,1
18fd0de7-3260-4bb8-be10-ccf567e39bd8,1,1,1,0,1,0,0,1
bc1058f2-1a83-446c-9e94-244b3136c7fe,1,1,1,0,1,0,0,1
1bcaa665-3ab9-48cd-8f5f-bf97e5c16056,0,1,1,0,1,0,0,1
1fb0502e-6695-431c-8c80-c1395b88f7d2,1,0,1,0,0,1,0,0
a4b1ad0e-b819-41f0-a82f-53ebc9f1979c,0,1,1,0,0,0,0,1
e49b3940-a96e-42d0-9053-2ac220fa6cec,1,1,1,0,1,0,0,1
473a80cb-bbf9-4472-85aa-8e16c24e2ba4,1,1,1,0,1,0,0,1
e4c96df9-2d2b-4e87-ab03-6ec904dc3ed5,0,1,1,0,0,0,0,1
6c22233f-eed6-4b22-9ac9-db05293c3a5c,1,1,1,0,1,0,0,1
2027097a-f216-4a65-ae95-f1c5719660b9,0,0,1,0,0,1,0,0
f0716fe3-612f-4b3c-bbff-beb388076ce8,1,1,1,0,1,0,0,1
5da21fce-9c06-4fb0-bd3a-721ccbff7239,0,0,1,0,0,1,0,0
adf5e1a3-5f4b-4b9c-a7d9-b31409967b2c,1,1,1,0,1,0,0,1
6129ad05-ec32-44b7-91ef-f4c7798b9619,1,1,1,0,1,0,0,1
8908f72b-2872-4635-baa1-2dd79634d83d,0,0,1,0,0,1,0,0
c497a912-8d73-4c45-b814-54566c918246,1,1,1,0,1,0,1,1
f751b46c-aa97-4a88-b8f8-e891c53099a2,0,1,1,0,0,0,1,1
2d2aab72-a13e-429d-8cef-cd7932f7e6ef,0,1,1,0,0,0,1,1
a4cd95f9-be15-476a-ae5c-d66f37ddba23,1,1,1,0,0,0,0,1
0810ffad-9009-441e-bf9e-6007d8e7687c,0,1,1,0,1,0,1,1
f7604dfb-400f-4401-b16e-c1e8dfaf5a95,1,1,1,0,0,0,1,1
3b3d8580-3bae-43f1-8fe2-7ec488a4a6a4,0,1,1,0,1,0,0,1
6328da5f-31e9-40c5-8efa-96d1c7706b1a,0,0,1,1,0,0,0,1
521f2353-680a-416c-babb-a6bdad5a3756,1,1,1,0,1,0,0,1
0413e671-e7cf-4ee9-b190-47ca3060f000,1,1,1,0,1,0,0,1
1adcfde5-faca-4448-bdb2-19b3b166cb47,0,1,1,0,1,0,1,1
29ed8b18-8de9-423d-af68-c7f7d51f1d51,1,0,1,0,0,1,0,0
4d9785f2-4259-45d6-9851-8a4bc8bf8462,0,1,1,0,0,1,0,1
a3baa846-6d17-46dc-b800-5a66d4cbfda8,0,1,1,0,0,0,0,1
42fe549d-cd7d-4498-b3ab-84b246538200,0,1,1,0,1,0,0,1
3bb12fda-02bd-4aef-9882-e4817dadf680,1,1,1,0,0,0,0,1
4470224e-6640-4037-b0b1-3aa450d18372,0,1,1,0,1,0,0,1
47207793-6081-4210-8f47-5770eb9e6a54,0,1,1,0,0,0,0,1
443de63b-3588-4d08-95d2-266f21c55fef,0,1,1,0,1,0,0,1
d4155d40-5f15-45f1-b6ea-74bbc0fb4383,1,0,1,0,0,1,0,0
e160c37b-2022-44b9-806d-1a1ad77e7d7a,0,0,1,0,0,0,0,1
b13d5836-15b2-4a0a-bcb1-3739a81448a3,0,0,1,0,1,1,0,0
0932ea8b-6e36-47a0-b35d-fd9814625289,1,1,1,0,0,0,0,1
17723f0b-a3c0-4fb5-8921-f2cd9b6b600e,0,1,1,0,0,0,0,1
8a250a87-0045-425c-bf60-513fdd2c7da7,0,1,0,0,1,0,1,1
8d89e074-4242-48bf-b295-eac116073f6c,1,0,1,0,1,0,0,1
b43f6471-6092-458a-8cfc-9bf2150d76b8,0,1,0,0,1,0,0,1
80dc9096-720e-45b9-ac2c-c35909be90b8,0,0,1,0,0,1,0,0
f607ee8c-5b38-427f-9620-89f4254bac2d,1,1,1,0,0,1,0,1
c36aac4a-798a-455c-86de-f8c388519b31,1,1,1,0,0,0,0,1
85b995a6-baf0-4be6-8e75-34abdc833519,0,0,1,0,0,1,0,0
99b9ae17-e699-4303-b243-a312b201d888,0,0,1,0,0,1,0,0
70833a0c-aec7-4b30-9c55-77a7ec804675,0,0,1,0,1,0,0,1
bc233576-10cb-4290-818a-2c35523f7df1,1,0,1,0,0,1,0,0
c8cf917c-099b-46af-9a65-6f27044b6ef7,1,0,1,0,0,1,0,0
0a19d711-1820-467e-b617-766fa6eb8b16,0,1,1,0,0,1,0,1
df1c7dd0-3ab5-4d3b-92cc-482351f5e4cb,0,1,1,0,0,1,0,0
bb7ca373-2ad3-4374-87b9-be479d582028,1,1,1,0,0,0,0,1
4fd88681-d838-4ecd-99bc-c2cdfe42e876,0,1,1,0,1,0,0,1
fca449c4-ac14-4213-a519-c35b4c3d6351,1,1,1,0,1,0,0,1
47919a43-2c66-44df-9ac3-e260bdbb5611,0,1,1,0,0,1,0,1
cf309d0a-d915-4759-b02f-e26965042a79,0,1,0,0,1,0,0,1
7301e138-4f88-4283-9357-7dc38b7ed9db,1,1,1,0,0,1,0,0
f8c13f98-d46a-43e6-9faf-902f17cf4174,0,1,1,1,1,0,0,1
623075a7-5382-4b05-96cc-d6178866f3f1,1,0,1,0,0,1,0,0
0cb3ee31-5095-4882-86e6-f98efd77c375,1,1,1,0,0,0,0,1
6ef62e24-6af6-495a-a53d-b605c2d9193b,0,1,1,0,1,0,0,1
00ffc305-4264-4dbc-b7a3-ef082374d9d7,1,1,1,0,0,0,0,1
b4f933ee-3dc2-4a7b-b750-11b2821f5a49,0,1,1,0,1,0,1,1
21f439fd-574d-4adb-b053-247bad83f624,1,1,1,0,1,0,0,1
50f3d813-b9e2-4d88-8984-518b388cde7e,0,1,1,0,1,0,1,1
f7015172-c12a-412e-82a3-506cd15ed351,1,1,1,0,1,0,0,1
271f876e-ea02-477d-a0d8-c872266a1fae,0,1,1,0,1,0,0,1
8f00f783-582e-4b62-9994-5557bdf305de,1,1,1,0,1,0,0,1
902abf34-9501-490e-934a-04278cf9c480,1,1,1,0,1,0,0,1
ca08796d-24d3-41e5-8c6d-0f9ba4abd3b3,1,1,1,0,1,0,0,1
08180b91-2d71-4ae7-af2b-bed5b4534c89,0,1,1,1,0,0,0,1
737ddd5d-0965-46e7-93fd-5cad979c4863,0,0,1,0,1,1,0,1
8be463a8-3804-4e32-bcb8-05dfe4e4f614,1,1,1,0,1,0,0,1
67e03409-1931-4c57-9405-69b7a52ef9f4,0,0,1,0,0,1,0,1
d5a988e5-2a72-48a4-9073-4fbe8b434f5e,0,1,0,0,1,0,1,1
98f8790d-62ec-49ec-851c-5f58564e8f4d,0,0,1,0,0,1,0,1
50daa773-268a-4e6f-85e6-7a542d6570e4,0,1,1,1,0,0,0,1
dc30a5c7-e22b-430d-bea3-5425cc2de42c,1,1,1,0,0,0,1,1
c81ef943-4e73-4df2-8d93-92173be986f7,0,1,1,0,1,0,0,1
6665bce5-5d4b-402c-a9e2-b30d5fbe355c,0,1,1,0,0,0,0,1
5f62e67f-b12c-4e5e-932d-39addca21603,0,0,1,0,0,1,0,0
76c1de8b-2509-4b77-aec6-c07ca728b257,1,1,1,0,1,0,1,1
5ec5a417-e797-4f6d-b99b-2514770d5b80,1,0,1,0,0,1,0,1
db79227c-d5ae-4f10-a5bc-4b89f627feeb,0,0,1,0,0,1,0,0
add97c8f-e84a-4c14-ac2b-fb8c688eda31,1,1,1,0,1,0,0,1
12a68912-04eb-4faf-bef4-901b0c1467fd,1,1,1,0,1,0,0,1
6162887b-327c-4dbc-a2af-95a1ec4f3784,0,0,1,0,0,1,0,0
f5ad4d17-6a6f-4a94-a993-fb77f7a12a03,1,0,1,0,1,0,0,1
dd2b8ef5-a487-4b44-9e5c-1cc8a66c0dbb,1,1,1,0,1,0,0,1
880f29bd-33cb-4bc2-8482-bc6941f10307,0,0,1,0,0,1,0,0
3ab46047-a3d5-4aae-8b2b-02571cbe5a62,1,1,1,0,1,0,0,1
18b53e70-e364-4e22-b713-b8a167afd7b7,1,1,1,0,1,0,0,1
1edda0f6-ad8b-4923-9525-14e584424201,0,1,1,0,1,0,0,1
fab3c692-0c6a-4361-a1ed-05ba553ac2cb,0,0,1,0,0,1,0,0
04a19558-e8c3-4d1d-b1c6-03a508c6596f,1,1,1,0,1,0,1,1
42177e75-d577-472c-a991-da7b159a831e,0,0,1,0,0,1,0,0
f8af90bb-6169-4481-aab6-ac72ed390b97,1,1,1,0,0,0,0,1
208753d1-4db2-4c35-aeb4-25bdf0321055,0,0,1,0,0,1,0,0
75f92009-59e7-42f1-a06e-b44f3268e31d,1,0,1,0,0,1,0,0
40396cb9-b0a1-4c32-8333-3435dedea0a6,1,1,1,0,0,0,0,1
7db1ab21-c279-42f5-8f0e-8a02b8b04bca,0,0,1,0,0,1,0,0
5cd4aaf8-32f2-4d65-be63-e120512a9a13,1,1,1,0,1,0,0,1
407cf958-90cf-4d25-81c4-8f6fa4da7bdb,0,1,1,1,0,0,0,1
594c79e4-5d13-454c-ad6e-85f873e7e712,0,0,1,1,0,1,0,0
9aff9b3b-723f-49ad-a08e-9595962dd9d2,1,1,1,0,1,0,0,1
cac2a614-d60a-4985-a1db-dd16a1a5cd8c,1,1,1,0,1,0,0,1
babcebb7-6fb1-4ea4-bce3-d6c4d9e98937,0,1,1,0,0,1,0,1
85b1ae7c-dd43-491c-92fc-1e84b6d1bf08,1,0,1,0,0,1,0,0
2c81d0dc-17e4-4402-8d33-d15b4482bce8,1,1,1,0,0,0,0,1
29490041-76fc-4268-b51e-0ea28138f930,1,1,1,0,0,0,1,1
15704587-bab8-40d8-b329-48059eb8e8af,0,0,0,0,0,1,0,0
4cb33638-ea32-4c28-bae9-03b85921c47b,0,1,0,0,0,0,1,1
5f146fe4-0679-4b03-9279-683b76d9f0ab,0,1,1,0,1,0,0,1
b8d45757-bfff-47d5-a640-7b07e595110f,1,0,1,0,0,1,0,1
4f67a350-eb92-45c7-9e83-7cbc50473ca1,1,1,1,0,1,0,0,1
a1b30bd4-d686-4e0d-96f8-5f20fbc8cf8e,1,1,1,0,1,0,0,1
2a7c9ea7-4451-4efe-9c1b-4f444bdf51a4,0,0,1,0,1,1,0,1
5b815626-2207-44d7-8119-17dfb10591aa,1,0,1,0,0,1,0,1
107e3988-3e88-4720-b6c3-787b9e9b5263,1,1,1,0,0,0,0,1
f8be9ae5-26fa-4ac5-a106-6fbceb86ee5d,0,0,1,0,1,1,0,1
8d9e28ff-7e0f-46be-a38e-a914283a4526,0,1,1,0,1,0,0,1
6fb09d25-57c3-41b0-900e-8a8768a303f7,0,1,1,0,1,0,0,1
cb488392-74dd-44d1-a9f6-5fa3e7e40550,1,1,1,0,1,0,0,1
1e53e020-c38e-4a82-b98e-4bc4fd5b5f27,0,1,1,0,1,0,0,1
084c44e0-d754-4322-8daa-7f7d1655873b,0,0,1,0,0,1,0,0
69cbbdcc-e1bc-483b-9dc0-559f20a4c0a7,1,1,1,0,1,0,1,1
428fbfba-f41b-4b01-9db2-9016f12093f8,0,0,1,0,0,1,0,0
8bc236ac-cd16-4880-a9c9-e8f56a98523b,1,1,1,0,1,0,0,1
